id,scene
16,L_2210_Suwon_A_F_C0038
20,L_2210_Suwon_A_F_C0039
17,L_2210_Suwon_A_F_C0039
28,L_2210_Suwon_A_F_C0043
29,L_2210_Suwon_A_F_C0043
12,L_2210_Suwon_A_F_C0044
1,L_2210_Suwon_A_F_C0045
15,L_2210_Suwon_A_F_C0046
15,L_2210_Suwon_A_F_C0047
15,L_2210_Suwon_A_F_C0048
15,L_2210_Suwon_A_F_C0049
8,L_2210_Suwon_A_F_C0052
7,L_2210_Suwon_A_F_C0053
14,L_2210_Suwon_A_F_C0054
12,L_2210_Suwon_A_F_C0055
6,L_2210_Suwon_A_F_C0056
15,L_2210_Suwon_A_F_C0057
13,L_2210_Suwon_A_F_C0058
7,L_2210_Suwon_A_F_C0059
29,L_2210_Suwon_A_F_C0084
5,L_2210_Suwon_A_F_C0085
1,L_2210_Suwon_A_F_C0087
4,L_2210_Suwon_A_F_C0088
1,L_2210_Suwon_A_F_C0089
11,L_2210_Suwon_A_F_C0091
6,L_2210_Suwon_A_F_C0105
54,L_2210_Suwon_A_F_C0106
18,L_2210_Suwon_A_F_C0109
18,L_2210_Suwon_A_F_C0110
18,L_2210_Suwon_A_F_C0111
18,L_2210_Suwon_A_F_C0112
13,L_2210_Suwon_A_F_C0113
13,L_2210_Suwon_A_F_C0114
5,L_2210_Suwon_A_F_C0117
5,L_2210_Suwon_A_F_C0119
3,L_2210_Suwon_A_F_C0120
5,L_2210_Suwon_A_F_C0121
9,L_2210_Suwon_A_F_C0122
8,L_2210_Suwon_A_F_C0123
10,L_2210_Suwon_A_F_C0124
10,L_2210_Suwon_A_F_C0125
9,L_2210_Suwon_A_F_C0126
9,L_2210_Suwon_A_F_C0127
9,L_2210_Suwon_A_F_C0128
9,L_2210_Suwon_A_F_C0129
3,L_2210_Suwon_A_F_C0130
9,L_2210_Suwon_A_F_C0130
9,L_2210_Suwon_A_F_C0131
14,L_2210_Suwon_A_F_C0132
6,L_2210_Suwon_A_F_C0133
36,L_2210_Suwon_A_F_C0151
22,L_2210_Suwon_A_F_C0152
3,L_2210_Suwon_A_F_C0153
11,L_2210_Suwon_A_F_C0155
11,L_2210_Suwon_A_F_C0170
9,L_2210_Suwon_A_F_C0178
5,L_2210_Suwon_A_F_C0179
2,L_2210_Suwon_A_N_C0005
8,L_2210_Suwon_A_N_C0065
3,L_2210_Suwon_A_N_C0101
4,L_2210_Suwon_A_N_C0102
3,L_2210_Suwon_A_N_C0103
3,L_2210_Suwon_A_N_C0104
10,L_2210_Suwon_A_N_C0106
1,L_2210_Suwon_A_N_C0109
14,L_2210_Suwon_A_N_C0205
1,L_2210_Suwon_A_N_C0384
1,L_2210_Suwon_A_N_C0385
3,L_2210_Suwon_A_N_C0386
4,L_2210_Suwon_A_N_C0387
21,L_2210_Suwon_A_N_C0388
4,L_2210_Suwon_A_N_C0389
4,L_2210_Suwon_A_N_C0390
7,L_2210_Suwon_A_N_C0391
5,L_2210_Suwon_A_N_C0397
19,L_2210_Suwon_B_A_C0334
35,L_2210_Suwon_B_A_C0464
4,L_2210_Suwon_B_F_C0011
15,L_2210_Suwon_B_F_C0037
11,L_2210_Suwon_B_F_C0038
36,L_2210_Suwon_B_F_C0039
14,L_2210_Suwon_B_F_C0041
16,L_2210_Suwon_B_F_C0043
4,L_2210_Suwon_B_F_C0050
31,L_2210_Suwon_B_F_C0066
26,L_2210_Suwon_B_F_C0067
25,L_2210_Suwon_B_F_C0075
26,L_2210_Suwon_B_F_C0076
9,L_2210_Suwon_B_F_C0085
3,L_2210_Suwon_B_F_C0086
7,L_2210_Suwon_B_F_C0092
9,L_2210_Suwon_B_F_C0111
1,L_2210_Suwon_B_F_C0131
25,L_2210_Suwon_B_F_C0132
21,L_2210_Suwon_B_F_C0133
2,L_2210_Suwon_B_F_C0153
14,L_2210_Suwon_B_F_C0155
17,L_2210_Suwon_B_F_C0155
8,L_2210_Suwon_B_F_C0156
8,L_2210_Suwon_B_F_C0157
8,L_2210_Suwon_B_F_C0158
8,L_2210_Suwon_B_F_C0159
8,L_2210_Suwon_B_F_C0160
11,L_2210_Suwon_B_F_C0161
241,L_2210_Suwon_B_F_C0162
6,L_2210_Suwon_B_F_C0163
787,L_2210_Suwon_B_F_C0163
6,L_2210_Suwon_B_F_C0164
13,L_2210_Suwon_B_F_C0165
11,L_2210_Suwon_B_F_C0166
12,L_2210_Suwon_B_F_C0167
40,L_2210_Suwon_B_F_C0168
9,L_2210_Suwon_B_F_C0170
2,L_2210_Suwon_B_F_C0171
1,L_2210_Suwon_B_F_C0172
1,L_2210_Suwon_B_F_C0173
1,L_2210_Suwon_B_F_C0174
4,L_2210_Suwon_B_F_C0175
1,L_2210_Suwon_B_F_C0176
5,L_2210_Suwon_B_F_C0177
7,L_2210_Suwon_B_F_C0178
6,L_2210_Suwon_B_F_C0179
7,L_2210_Suwon_B_F_C0180
7,L_2210_Suwon_B_F_C0181
1,L_2210_Suwon_B_F_C0182
4,L_2210_Suwon_B_F_C0183
1,L_2210_Suwon_B_F_C0184
2,L_2210_Suwon_B_F_C0185
14,L_2210_Suwon_B_F_C0186
25,L_2210_Suwon_B_F_C0186
20,L_2210_Suwon_B_F_C0191
43,L_2211_Pangyo_C_A_C0019
42,L_2211_Pangyo_C_A_C0019
25,L_2211_Pangyo_C_A_C0019
10,L_2211_Pangyo_C_A_C0025
4,L_2211_Pangyo_C_A_C0039
8,L_2211_Pangyo_C_A_C0087
9,L_2211_Pangyo_C_A_C0140
8,L_2211_Pangyo_C_A_C0141
6,L_2211_Pangyo_C_A_C0149
6,L_2211_Pangyo_C_A_C0168
7,L_2211_Pangyo_C_A_C0171
5,L_2211_Pangyo_C_A_C0261
1,L_2211_Pangyo_C_F_C0354
122,L_2211_Pangyo_C_F_C0359
5,L_2211_Pangyo_C_F_C0360
5,L_2211_Pangyo_C_F_C0392
9,L_2211_Pangyo_C_F_C0394
1,L_2211_Pangyo_C_F_C0395
4,L_2211_Pangyo_C_F_C0401
7,L_2211_Pangyo_C_F_C0410
6,L_2211_Pangyo_C_F_C0411
7,L_2211_Pangyo_C_F_C0411
6,L_2211_Pangyo_C_F_C0421
14,L_2211_Pangyo_C_F_C0423
21,L_2211_Pangyo_C_F_C0424
9,L_2211_Pangyo_C_F_C0437
2,L_2211_Pangyo_C_F_C0438
1,L_2211_Pangyo_C_F_C0439
5,L_2211_Pangyo_C_F_C0440
3,L_2211_Pangyo_C_F_C0451
9,L_2211_Pangyo_C_F_C0452
13,L_2211_Pangyo_C_F_C0459
13,L_2211_Pangyo_C_F_C0460
35,L_2211_Pangyo_C_F_C0471
37,L_2211_Pangyo_C_F_C0471
38,L_2211_Pangyo_C_F_C0472
39,L_2211_Pangyo_C_F_C0472
42,L_2211_Pangyo_C_F_C0473
46,L_2211_Pangyo_C_F_C0474
46,L_2211_Pangyo_C_F_C0475
49,L_2211_Pangyo_C_F_C0475
85,L_2211_Pangyo_C_F_C0484
9,L_2211_Pangyo_C_F_C0494
3,L_2211_Pangyo_C_F_C0495
6,L_2211_Pangyo_C_F_C0496
18,L_2211_Pangyo_C_F_C0496
4,L_2211_Pangyo_C_F_C0497
4,L_2211_Pangyo_C_F_C0498
5,L_2211_Pangyo_C_F_C0499
8,L_2211_Pangyo_C_F_C0500
6,L_2211_Pangyo_C_F_C0502
4,L_2211_Pangyo_C_F_C0503
9,L_2211_Pangyo_C_F_C0504
13,L_2211_Pangyo_C_F_C0505
14,L_2211_Pangyo_C_F_C0505
5,L_2211_Pangyo_C_F_C0515
4,L_2211_Pangyo_C_F_C0516
2,L_2211_Pangyo_C_F_C0521
11,L_2211_Pangyo_C_F_C0531
7,L_2211_Pangyo_C_F_C0533
5,L_2211_Pangyo_C_F_C0534
7,L_2211_Pangyo_C_F_C0534
8,L_2211_Pangyo_C_F_C0534
9,L_2211_Pangyo_C_F_C0534
9,L_2211_Pangyo_C_F_C0552
8,L_2211_Pangyo_C_F_C0553
8,L_2211_Pangyo_C_F_C0559
4,L_2211_Pangyo_C_F_C0560
3,L_2211_Pangyo_C_F_C0577
4,L_2211_Pangyo_C_F_C0578
5,L_2211_Pangyo_C_F_C0579
4,L_2211_Pangyo_C_F_C0580
7,L_2211_Pangyo_C_F_C0600
7,L_2211_Pangyo_C_F_C0604
2,L_2211_Pangyo_C_F_C0611
5,L_2211_Pangyo_C_F_C0612
5,L_2211_Pangyo_C_F_C0613
2,L_2211_Pangyo_C_F_C0615
5,L_2211_Pangyo_C_F_C0616
2,L_2211_Pangyo_C_F_C0617
2,L_2211_Pangyo_C_F_C0618
5,L_2211_Pangyo_C_F_C0619
2,L_2211_Pangyo_C_F_C0620
4,L_2211_Pangyo_C_F_C0631
10,L_2211_Pangyo_C_F_C0631
1,L_2211_Pangyo_C_F_C0632
4,L_2211_Pangyo_C_F_C0633
2,L_2211_Pangyo_C_F_C0677
2,L_2211_Pangyo_C_F_C0678
1,L_2211_Pangyo_C_F_C0679
4,L_2211_Pangyo_C_F_C0680
8,L_2211_Pangyo_C_F_C0700
9,L_2211_Pangyo_C_F_C0700
1,L_2211_Pangyo_C_F_C0701
2,L_2211_Pangyo_C_F_C0701
4,L_2211_Pangyo_C_F_C0704
2,L_2211_Pangyo_C_F_C0712
2,L_2211_Pangyo_C_F_C0713
1,L_2211_Pangyo_C_F_C0714
1,L_2211_Pangyo_C_F_C0715
1,L_2211_Pangyo_C_F_C0716
