,file_name
0,L_2211_Suwon_A_A_C0185
1,L_2211_Pangyo_C_F_C0834
2,L_2211_Pangyo_C_D_C0150
3,L_2211_Pangyo_C_F_C0759
4,L_2210_Suwon_B_F_C0156
5,L_2211_Suwon_B_F_C0890
6,L_2211_Suwon_B_F_C0456
7,L_2211_Suwon_B_F_C0150
8,L_2210_Suwon_A_F_C0043
9,L_2210_Suwon_B_F_C0180
10,L_2211_Pangyo_C_F_C0694
11,L_2210_Suwon_B_F_C0164
12,L_2211_Suwon_B_F_C0339
13,L_2211_Pangyo_C_F_C0402
14,L_2211_Pangyo_C_F_C0541
15,L_2211_Pangyo_C_F_C0606
16,L_2211_Suwon_B_F_C0677
17,L_2210_Suwon_A_N_C0244
18,L_2210_Suwon_A_F_C0045
19,L_2210_Suwon_A_N_C0259
20,L_2210_Suwon_B_F_C0131
21,L_2211_Pangyo_C_F_C0438
22,L_2210_Suwon_A_F_C0063
23,L_2210_Suwon_B_F_C0135
24,L_2211_Suwon_B_F_C0024
25,L_2211_Suwon_B_F_C0762
26,L_2210_Suwon_A_F_C0124
27,L_2210_Suwon_A_F_C0152
28,L_2211_Suwon_B_F_C0685
29,L_2211_Suwon_B_F_C0187
30,L_2211_Pangyo_C_F_C0728
31,L_2211_Pangyo_C_F_C0718
32,L_2211_Pangyo_C_F_C0520
33,L_2211_Pangyo_D_D_C0022
34,L_2211_Pangyo_C_F_C0888
35,L_2211_Suwon_A_A_C0366
36,L_2210_Suwon_A_F_C0164
37,L_2211_Pangyo_C_D_C0101
38,L_2210_Suwon_B_A_C0336
39,L_2211_Suwon_B_F_C0278
40,L_2210_Suwon_B_F_C0053
41,L_2211_Suwon_B_F_C0383
42,L_2211_Suwon_B_F_C0963
43,L_2211_Pangyo_C_A_C0251
44,L_2211_Suwon_B_F_C0767
45,L_2211_Pangyo_C_F_C0392
46,L_2210_Suwon_A_F_C0194
47,L_2210_Suwon_A_F_C0150
48,L_2211_Pangyo_C_F_C0467
49,L_2211_Pangyo_C_D_C0049
50,L_2210_Suwon_A_F_C0137
51,L_2211_Suwon_A_A_C0352
52,L_2210_Suwon_A_N_C0312
53,L_2210_Suwon_A_F_C0113
54,L_2210_Suwon_A_N_C0240
55,L_2210_Suwon_B_F_C0010
56,L_2211_Suwon_B_F_C0512
57,L_2211_Suwon_B_F_C0469
58,L_2211_Pangyo_C_F_C0514
59,L_2211_Suwon_B_F_C0908
60,L_2210_Suwon_A_F_C0038
61,L_2210_Suwon_A_F_C0095
62,L_2210_Suwon_A_F_C0197
63,L_2211_Suwon_B_F_C0642
64,L_2211_Pangyo_D_D_C0045
65,L_2211_Pangyo_C_F_C0075
66,L_2210_Suwon_A_F_C0145
67,L_2211_Suwon_B_F_C0686
68,L_2210_Suwon_B_F_C0036
69,L_2210_Suwon_B_F_C0136
70,L_2211_Pangyo_D_D_C0060
71,L_2211_Suwon_B_F_C0981
72,L_2210_Suwon_A_F_C0148
73,L_2211_Suwon_B_F_C0711
74,L_2211_Suwon_B_F_C0298
75,L_2211_Pangyo_C_D_C0113
76,L_2210_Suwon_A_N_C0188
77,L_2211_Suwon_B_F_C0304
78,L_2210_Suwon_B_F_C0057
79,L_2210_Suwon_B_F_C0047
80,L_2211_Pangyo_C_A_C0240
81,L_2211_Pangyo_D_D_C0115
82,L_2211_Suwon_B_F_C0494
83,L_2211_Suwon_B_F_C0222
84,L_2211_Pangyo_C_F_C0822
85,L_2211_Pangyo_C_F_C0280
86,L_2211_Suwon_B_F_C0452
87,L_2211_Pangyo_C_F_C0462
88,L_2210_Suwon_B_F_C0150
89,L_2211_Suwon_A_A_C0383
90,L_2211_Pangyo_C_F_C0835
91,L_2210_Suwon_A_F_C0159
92,L_2210_Suwon_A_N_C0332
93,L_2211_Pangyo_C_F_C0396
94,L_2211_Pangyo_C_F_C0765
95,L_2211_Suwon_B_F_C0979
96,L_2211_Suwon_A_A_C0299
97,L_2211_Pangyo_C_F_C0435
98,L_2211_Pangyo_C_F_C0811
99,L_2211_Pangyo_C_D_C0097
100,L_2211_Pangyo_C_F_C0849
101,L_2211_Pangyo_C_F_C0865
102,L_2211_Pangyo_C_D_C0019
103,L_2210_Suwon_A_F_C0002
104,L_2211_Suwon_B_F_C0514
105,L_2211_Pangyo_C_F_C0708
106,L_2211_Pangyo_C_F_C0509
107,L_2211_Suwon_B_F_C0135
108,L_2210_Suwon_A_N_C0278
109,L_2211_Suwon_B_F_C0297
110,L_2211_Suwon_A_A_C0258
111,L_2210_Suwon_A_N_C0376
112,L_2211_Pangyo_C_F_C0687
113,L_2211_Pangyo_C_F_C0808
114,L_2211_Pangyo_C_D_C0112
115,L_2211_Suwon_B_F_C0220
116,L_2210_Suwon_B_F_C0050
117,L_2210_Suwon_B_F_C0175
118,L_2210_Suwon_A_F_C0050
119,L_2211_Pangyo_C_F_C0544
120,L_2211_Suwon_A_A_C0377
121,L_2210_Suwon_A_N_C0343
122,L_2210_Suwon_A_N_C0214
123,L_2211_Suwon_B_F_C0424
124,L_2211_Suwon_B_F_C0197
125,L_2210_Suwon_B_A_C0246
126,L_2211_Suwon_A_A_C0323
127,L_2210_Suwon_B_F_C0100
128,L_2211_Pangyo_C_A_C0243
129,L_2210_Suwon_A_N_C0213
130,L_2211_Suwon_B_F_C0768
131,L_2210_Suwon_B_A_C0238
132,L_2210_Suwon_A_F_C0187
133,L_2211_Pangyo_C_F_C0533
134,L_2211_Pangyo_C_A_C0246
135,L_2211_Pangyo_C_D_C0085
136,L_2211_Pangyo_C_F_C0351
137,L_2210_Suwon_A_N_C0275
138,L_2211_Pangyo_C_F_C0729
139,L_2211_Pangyo_D_D_C0052
140,L_2211_Suwon_B_F_C0922
141,L_2210_Suwon_A_F_C0105
142,L_2210_Suwon_B_F_C0189
143,L_2210_Suwon_A_F_C0093
144,L_2211_Suwon_B_F_C0216
145,L_2211_Pangyo_C_D_C0002
146,L_2210_Suwon_B_F_C0166
147,L_2210_Suwon_A_F_C0040
148,L_2211_Suwon_A_A_C0193
149,L_2211_Suwon_B_F_C0709
150,L_2211_Pangyo_C_F_C0383
151,L_2211_Pangyo_C_F_C0191
152,L_2210_Suwon_A_F_C0160
153,L_2211_Pangyo_C_F_C0475
154,L_2211_Suwon_B_F_C0702
155,L_2211_Pangyo_C_F_C0885
156,L_2211_Pangyo_C_F_C0518
157,L_2211_Suwon_A_A_C0315
158,L_2210_Suwon_A_F_C0048
159,L_2211_Pangyo_C_F_C0876
160,L_2211_Pangyo_C_F_C0868
161,L_2211_Suwon_B_F_C0511
162,L_2211_Pangyo_C_F_C0605
163,L_2211_Pangyo_C_F_C0754
164,L_2211_Suwon_B_F_C0070
165,L_2211_Suwon_B_F_C0132
166,L_2210_Suwon_B_F_C0066
167,L_2211_Pangyo_C_F_C0632
168,L_2211_Pangyo_D_D_C0139
169,L_2211_Pangyo_D_D_C0009
170,L_2211_Pangyo_C_F_C0845
171,L_2211_Suwon_B_F_C0617
172,L_2211_Pangyo_C_D_C0027
173,L_2211_Suwon_B_F_C0177
174,L_2210_Suwon_B_F_C0083
175,L_2211_Suwon_A_A_C0246
176,L_2210_Suwon_A_N_C0346
177,L_2211_Suwon_B_F_C0306
178,L_2211_Suwon_B_F_C0430
179,L_2211_Pangyo_C_F_C0539
180,L_2210_Suwon_B_F_C0085
181,L_2211_Suwon_A_A_C0389
182,L_2211_Suwon_B_F_C0746
183,L_2211_Suwon_B_F_C0428
184,L_2211_Pangyo_C_F_C0491
185,L_2210_Suwon_A_N_C0210
186,L_2211_Pangyo_C_F_C0631
187,L_2210_Suwon_B_F_C0114
188,L_2211_Pangyo_C_F_C0415
189,L_2211_Suwon_B_F_C0270
190,L_2210_Suwon_B_F_C0105
191,L_2211_Pangyo_C_F_C0242
192,L_2211_Pangyo_C_F_C0706
193,L_2210_Suwon_A_F_C0090
194,L_2211_Pangyo_C_F_C0545
195,L_2211_Pangyo_C_F_C0422
196,L_2211_Suwon_B_F_C0108
197,L_2211_Suwon_B_F_C0920
198,L_2211_Pangyo_D_D_C0059
199,L_2211_Pangyo_C_D_C0053
200,L_2210_Suwon_A_N_C0215
201,L_2211_Suwon_A_A_C0244
202,L_2211_Suwon_B_F_C0688
203,L_2211_Suwon_B_F_C0659
204,L_2211_Pangyo_C_A_C0245
205,L_2210_Suwon_A_N_C0251
206,L_2210_Suwon_A_N_C0289
207,L_2210_Suwon_B_F_C0142
208,L_2211_Pangyo_C_D_C0025
209,L_2211_Suwon_A_A_C0168
210,L_2210_Suwon_B_F_C0017
211,L_2211_Suwon_B_F_C0478
212,L_2211_Pangyo_C_F_C0831
213,L_2210_Suwon_A_F_C0104
214,L_2210_Suwon_A_F_C0012
215,L_2210_Suwon_B_F_C0012
216,L_2211_Pangyo_C_F_C0110
217,L_2210_Suwon_B_F_C0068
218,L_2210_Suwon_A_N_C0325
219,L_2211_Pangyo_D_D_C0014
220,L_2211_Pangyo_C_F_C0495
221,L_2211_Pangyo_D_D_C0026
222,L_2211_Suwon_A_A_C0362
223,L_2210_Suwon_A_N_C0263
224,L_2211_Pangyo_C_F_C0555
225,L_2210_Suwon_A_N_C0253
226,L_2211_Suwon_A_A_C0261
227,L_2210_Suwon_B_F_C0195
228,L_2211_Pangyo_D_D_C0094
229,L_2211_Pangyo_C_F_C0625
230,L_2210_Suwon_B_F_C0127
231,L_2211_Suwon_B_F_C0303
232,L_2211_Pangyo_C_F_C0803
233,L_2211_Pangyo_C_F_C0862
234,L_2211_Pangyo_C_F_C0814
235,L_2211_Pangyo_C_F_C0770
236,L_2210_Suwon_B_F_C0155
237,L_2211_Suwon_B_F_C0914
238,L_2211_Suwon_B_F_C0429
239,L_2211_Suwon_B_F_C0180
240,L_2211_Pangyo_C_F_C0749
241,L_2211_Suwon_B_F_C0433
242,L_2210_Suwon_A_F_C0108
243,L_2211_Suwon_B_F_C0240
244,L_2211_Suwon_B_F_C0375
245,L_2211_Suwon_B_F_C0342
246,L_2211_Pangyo_D_D_C0056
247,L_2211_Pangyo_C_F_C0416
248,L_2210_Suwon_A_N_C0292
249,L_2211_Pangyo_D_D_C0017
250,L_2211_Pangyo_C_F_C0324
251,L_2210_Suwon_A_N_C0374
252,L_2211_Pangyo_C_F_C0050
253,L_2211_Suwon_B_F_C0623
254,L_2211_Pangyo_C_F_C0557
255,L_2211_Pangyo_C_D_C0147
256,L_2210_Suwon_B_F_C0009
257,L_2210_Suwon_B_F_C0157
258,L_2211_Pangyo_C_F_C0588
259,L_2211_Pangyo_D_D_C0029
260,L_2210_Suwon_A_N_C0364
261,L_2211_Pangyo_C_F_C0613
262,L_2211_Pangyo_D_D_C0145
263,L_2211_Suwon_B_F_C0585
264,L_2211_Pangyo_D_D_C0069
265,L_2211_Suwon_A_A_C0354
266,L_2211_Pangyo_D_D_C0073
267,L_2211_Pangyo_D_D_C0079
268,L_2211_Suwon_A_A_C0319
269,L_2211_Pangyo_C_F_C0552
270,L_2210_Suwon_A_F_C0123
271,L_2210_Suwon_B_F_C0027
272,L_2211_Suwon_B_F_C0975
273,L_2210_Suwon_B_A_C0243
274,L_2210_Suwon_A_F_C0136
275,L_2211_Suwon_B_F_C0376
276,L_2211_Suwon_B_F_C0457
277,L_2211_Pangyo_C_F_C0600
278,L_2211_Pangyo_C_D_C0084
279,L_2211_Pangyo_C_A_C0244
280,L_2210_Suwon_A_F_C0077
281,L_2211_Pangyo_C_F_C0446
282,L_2210_Suwon_B_A_C0242
283,L_2210_Suwon_A_F_C0201
284,L_2210_Suwon_A_F_C0028
285,L_2211_Pangyo_C_F_C0534
286,L_2210_Suwon_A_N_C0204
287,L_2211_Suwon_A_A_C0296
288,L_2211_Suwon_B_F_C0179
289,L_2211_Suwon_B_F_C0674
290,L_2211_Pangyo_C_F_C0561
291,L_2211_Suwon_B_F_C0357
292,L_2211_Suwon_A_A_C0357
293,L_2211_Pangyo_C_D_C0036
294,L_2211_Suwon_B_F_C0294
295,L_2210_Suwon_B_F_C0191
296,L_2211_Suwon_B_F_C0475
297,L_2211_Suwon_B_F_C0738
298,L_2211_Suwon_B_F_C0258
299,L_2211_Pangyo_C_D_C0006
300,L_2210_Suwon_A_N_C0288
301,L_2211_Suwon_A_A_C0243
302,L_2211_Pangyo_C_F_C0463
303,L_2210_Suwon_A_N_C0334
304,L_2210_Suwon_B_F_C0140
305,L_2211_Pangyo_C_F_C0620
306,L_2211_Suwon_B_F_C0557
307,L_2210_Suwon_A_F_C0042
308,L_2210_Suwon_A_N_C0370
309,L_2211_Suwon_B_F_C0918
310,L_2210_Suwon_A_F_C0147
311,L_2211_Suwon_A_A_C0317
312,L_2211_Pangyo_C_A_C0279
313,L_2211_Pangyo_C_F_C0745
314,L_2211_Pangyo_C_F_C0587
315,L_2210_Suwon_A_F_C0117
316,L_2211_Pangyo_C_F_C0626
317,L_2211_Suwon_B_F_C0189
318,L_2210_Suwon_A_F_C0162
319,L_2211_Suwon_B_F_C0370
320,L_2211_Pangyo_D_D_C0088
321,L_2210_Suwon_B_F_C0062
322,L_2211_Pangyo_C_D_C0110
323,L_2211_Suwon_B_F_C0974
324,L_2210_Suwon_A_N_C0342
325,L_2210_Suwon_A_F_C0022
326,L_2211_Pangyo_C_F_C0736
327,L_2210_Suwon_B_F_C0063
328,L_2211_Pangyo_C_F_C0470
329,L_2210_Suwon_A_F_C0171
330,L_2211_Pangyo_C_D_C0077
331,L_2211_Suwon_B_F_C0700
332,L_2211_Pangyo_C_F_C0722
333,L_2211_Pangyo_C_F_C0828
334,L_2210_Suwon_A_N_C0264
335,L_2210_Suwon_B_F_C0174
336,L_2210_Suwon_A_N_C0274
337,L_2210_Suwon_A_N_C0101
338,L_2210_Suwon_B_F_C0182
339,L_2210_Suwon_A_N_C0249
340,L_2210_Suwon_A_N_C0246
341,L_2211_Pangyo_D_D_C0046
342,L_2211_Pangyo_C_F_C0403
343,L_2211_Suwon_B_F_C0421
344,L_2211_Pangyo_D_D_C0033
345,L_2210_Suwon_B_F_C0139
346,L_2211_Pangyo_C_F_C0393
347,L_2211_Suwon_B_F_C0374
348,L_2211_Pangyo_D_D_C0147
349,L_2210_Suwon_B_F_C0120
350,L_2211_Pangyo_C_F_C0624
351,L_2211_Suwon_B_F_C0758
352,L_2210_Suwon_A_F_C0176
353,L_2211_Pangyo_C_F_C0505
354,L_2210_Suwon_B_F_C0030
355,L_2211_Pangyo_C_F_C0391
356,L_2210_Suwon_B_F_C0022
357,L_2210_Suwon_A_N_C0257
358,L_2210_Suwon_B_F_C0171
359,L_2211_Suwon_A_A_C0336
360,L_2211_Pangyo_C_F_C0151
361,L_2211_Pangyo_C_D_C0116
362,L_2211_Pangyo_C_F_C0471
363,L_2211_Suwon_B_F_C0129
364,L_2210_Suwon_A_N_C0366
365,L_2211_Suwon_A_A_C0370
366,L_2211_Pangyo_C_F_C0872
367,L_2211_Suwon_A_A_C0351
368,L_2210_Suwon_A_F_C0069
369,L_2210_Suwon_A_F_C0135
370,L_2210_Suwon_A_N_C0373
371,L_2210_Suwon_A_F_C0029
372,L_2210_Suwon_B_A_C0137
373,L_2210_Suwon_A_F_C0055
374,L_2211_Pangyo_C_D_C0012
375,L_2211_Suwon_B_F_C0260
376,L_2210_Suwon_B_F_C0051
377,L_2211_Pangyo_C_F_C0485
378,L_2211_Pangyo_C_F_C0492
379,L_2211_Pangyo_C_F_C0622
380,L_2211_Suwon_B_F_C0159
381,L_2211_Suwon_B_F_C0676
382,L_2211_Pangyo_C_F_C0473
383,L_2211_Pangyo_C_F_C0799
384,L_2211_Suwon_A_A_C0264
385,L_2211_Pangyo_C_F_C0591
386,L_2211_Suwon_B_F_C0699
387,L_2210_Suwon_A_N_C0205
388,L_2210_Suwon_A_F_C0071
389,L_2211_Suwon_B_F_C0745
390,L_2211_Suwon_B_F_C0266
391,L_2211_Suwon_B_F_C0209
392,L_2211_Pangyo_C_D_C0003
393,L_2211_Suwon_B_F_C0764
394,L_2210_Suwon_A_F_C0080
395,L_2211_Suwon_B_F_C0473
396,L_2211_Pangyo_C_F_C0614
397,L_2211_Suwon_B_F_C0201
398,L_2211_Pangyo_C_F_C0448
399,L_2210_Suwon_A_F_C0142
400,L_2210_Suwon_B_F_C0112
401,L_2211_Suwon_A_A_C0356
402,L_2210_Suwon_B_F_C0045
403,L_2210_Suwon_A_F_C0199
404,L_2211_Pangyo_C_A_C0247
405,L_2211_Pangyo_C_F_C0723
406,L_2211_Pangyo_D_D_C0057
407,L_2211_Pangyo_C_F_C0604
408,L_2211_Pangyo_C_F_C0580
409,L_2211_Pangyo_C_F_C0494
410,L_2211_Pangyo_D_D_C0049
411,L_2210_Suwon_B_F_C0026
412,L_2211_Pangyo_D_D_C0116
413,L_2211_Pangyo_C_F_C0522
414,L_2210_Suwon_A_N_C0324
415,L_2211_Suwon_A_A_C0177
416,L_2210_Suwon_B_N_C0206
417,L_2210_Suwon_A_F_C0027
418,L_2210_Suwon_B_F_C0042
419,L_2211_Suwon_B_F_C0928
420,L_2210_Suwon_B_F_C0185
421,L_2211_Pangyo_C_F_C0857
422,L_2211_Suwon_B_F_C0665
423,L_2210_Suwon_B_F_C0186
424,L_2211_Pangyo_D_D_C0023
425,L_2211_Pangyo_C_F_C0382
426,L_2211_Pangyo_C_D_C0140
427,L_2211_Pangyo_D_D_C0138
428,L_2211_Suwon_B_F_C0353
429,L_2210_Suwon_B_A_C0466
430,L_2211_Suwon_A_A_C0165
431,L_2211_Suwon_A_A_C0194
432,L_2210_Suwon_B_F_C0060
433,L_2211_Pangyo_D_D_C0054
434,L_2210_Suwon_B_F_C0035
435,L_2210_Suwon_B_N_C0251
436,L_2210_Suwon_B_F_C0001
437,L_2210_Suwon_A_F_C0103
438,L_2210_Suwon_A_F_C0032
439,L_2210_Suwon_A_F_C0089
440,L_2211_Suwon_B_F_C0871
441,L_2211_Pangyo_C_F_C0275
442,L_2210_Suwon_A_N_C0258
443,L_2211_Pangyo_C_F_C0489
444,L_2211_Pangyo_C_F_C0476
445,L_2210_Suwon_A_N_C0352
446,L_2211_Pangyo_C_D_C0054
447,L_2211_Pangyo_C_F_C0832
448,L_2210_Suwon_B_F_C0034
449,L_2211_Pangyo_D_D_C0044
450,L_2211_Suwon_A_A_C0307
451,L_2211_Suwon_B_F_C0110
452,L_2211_Pangyo_C_F_C0864
453,L_2211_Pangyo_C_F_C0701
454,L_2210_Suwon_A_F_C0146
455,L_2210_Suwon_A_N_C0307
456,L_2211_Suwon_A_A_C0294
457,L_2211_Suwon_A_A_C0196
458,L_2211_Suwon_B_F_C0021
459,L_2210_Suwon_A_F_C0004
460,L_2210_Suwon_A_F_C0174
461,L_2211_Suwon_B_F_C0736
462,L_2210_Suwon_B_F_C0149
463,L_2211_Suwon_B_F_C0385
464,L_2211_Pangyo_C_A_C0294
465,L_2211_Pangyo_C_F_C0858
466,L_2210_Suwon_A_F_C0198
467,L_2211_Suwon_B_F_C0662
468,L_2211_Suwon_A_A_C0175
469,L_2211_Pangyo_C_F_C0276
470,L_2211_Pangyo_C_D_C0095
471,L_2210_Suwon_A_F_C0051
472,L_2211_Pangyo_C_F_C0836
473,L_2210_Suwon_B_F_C0078
474,L_2211_Pangyo_C_F_C0409
475,L_2211_Suwon_B_F_C0891
476,L_2211_Pangyo_C_F_C0755
477,L_2210_Suwon_A_F_C0019
478,L_2211_Suwon_B_F_C0763
479,L_2211_Pangyo_C_F_C0385
480,L_2211_Pangyo_C_F_C0618
481,L_2211_Suwon_B_F_C0020
482,L_2211_Suwon_A_A_C0342
483,L_2211_Suwon_A_A_C0308
484,L_2211_Suwon_B_F_C0343
485,L_2211_Pangyo_C_D_C0032
486,L_2211_Pangyo_C_F_C0677
487,L_2210_Suwon_A_N_C0248
488,L_2211_Pangyo_C_F_C0278
489,L_2211_Suwon_B_F_C0946
490,L_2211_Pangyo_C_D_C0037
491,L_2210_Suwon_B_F_C0071
492,L_2211_Pangyo_C_F_C0810
493,L_2210_Suwon_B_F_C0011
494,L_2211_Suwon_B_F_C0961
495,L_2211_Suwon_B_F_C0346
496,L_2210_Suwon_A_F_C0191
497,L_2211_Suwon_B_F_C0984
498,L_2210_Suwon_A_F_C0066
499,L_2211_Pangyo_C_F_C0127
500,L_2211_Suwon_A_A_C0361
501,L_2211_Suwon_B_F_C0510
502,L_2211_Suwon_B_F_C0122
503,L_2211_Pangyo_C_D_C0141
504,L_2211_Pangyo_D_D_C0063
505,L_2211_Pangyo_C_F_C0830
506,L_2211_Suwon_B_F_C0447
507,L_2210_Suwon_A_F_C0044
508,L_2211_Suwon_A_A_C0200
509,L_2211_Pangyo_C_F_C0760
510,L_2210_Suwon_A_F_C0170
511,L_2211_Pangyo_C_F_C0712
512,L_2211_Pangyo_D_D_C0089
513,L_2210_Suwon_B_A_C0446
514,L_2210_Suwon_A_F_C0046
515,L_2210_Suwon_A_N_C0206
516,L_2210_Suwon_B_F_C0087
517,L_2210_Suwon_A_N_C0231
518,L_2210_Suwon_A_F_C0141
519,L_2211_Pangyo_C_F_C0800
520,L_2211_Suwon_B_F_C0075
521,L_2211_Suwon_B_F_C0386
522,L_2211_Pangyo_C_D_C0001
523,L_2211_Pangyo_C_F_C0440
524,L_2211_Pangyo_C_F_C0599
525,L_2211_Suwon_B_F_C0109
526,L_2211_Suwon_B_F_C0032
527,L_2211_Suwon_A_A_C0183
528,L_2211_Pangyo_C_F_C0805
529,L_2210_Suwon_A_N_C0225
530,L_2211_Pangyo_C_F_C0477
531,L_2211_Suwon_B_F_C0068
532,L_2211_Pangyo_C_D_C0133
533,L_2211_Suwon_A_A_C0254
534,L_2211_Pangyo_C_F_C0766
535,L_2210_Suwon_A_F_C0010
536,L_2210_Suwon_B_F_C0113
537,L_2210_Suwon_B_F_C0190
538,L_2211_Pangyo_C_D_C0055
539,L_2210_Suwon_A_F_C0056
540,L_2210_Suwon_A_N_C0255
541,L_2211_Pangyo_C_A_C0198
542,L_2210_Suwon_B_A_C0236
543,L_2211_Pangyo_C_F_C0603
544,L_2211_Suwon_B_F_C0351
545,L_2211_Suwon_B_F_C0355
546,L_2211_Pangyo_C_A_C0075
547,L_2211_Pangyo_C_F_C0387
548,L_2210_Suwon_A_F_C0190
549,L_2211_Pangyo_C_F_C0437
550,L_2211_Pangyo_C_D_C0048
551,L_2211_Suwon_B_F_C0176
552,L_2211_Pangyo_C_F_C0616
553,L_2211_Pangyo_C_F_C0547
554,L_2211_Pangyo_C_F_C0277
555,L_2211_Pangyo_C_F_C0524
556,L_2211_Pangyo_C_F_C0076
557,L_2211_Pangyo_C_F_C0821
558,L_2210_Suwon_B_A_C0463
559,L_2211_Suwon_B_F_C0508
560,L_2210_Suwon_A_N_C0310
561,L_2211_Suwon_B_F_C0750
562,L_2211_Pangyo_D_D_C0134
563,L_2211_Pangyo_C_F_C0411
564,L_2211_Pangyo_C_F_C0513
565,L_2211_Pangyo_D_D_C0096
566,L_2211_Suwon_B_F_C0616
567,L_2210_Suwon_B_F_C0184
568,L_2210_Suwon_B_F_C0003
569,L_2211_Pangyo_C_F_C0397
570,L_2210_Suwon_A_N_C0267
571,L_2211_Pangyo_C_A_C0283
572,L_2210_Suwon_B_A_C0237
573,L_2210_Suwon_B_A_C0419
574,L_2211_Suwon_A_A_C0164
575,L_2210_Suwon_B_F_C0008
576,L_2211_Pangyo_C_D_C0038
577,L_2211_Suwon_B_F_C0986
578,L_2211_Suwon_A_A_C0242
579,L_2211_Pangyo_C_F_C0689
580,L_2211_Suwon_A_A_C0321
581,L_2211_Suwon_A_A_C0326
582,L_2210_Suwon_A_N_C0227
583,L_2211_Pangyo_C_F_C0855
584,L_2210_Suwon_A_N_C0291
585,L_2210_Suwon_B_F_C0014
586,L_2211_Pangyo_C_F_C0407
587,L_2210_Suwon_A_N_C0377
588,L_2210_Suwon_A_N_C0308
589,L_2210_Suwon_A_N_C0356
590,L_2210_Suwon_A_F_C0120
591,L_2210_Suwon_A_F_C0125
592,L_2211_Pangyo_C_F_C0512
593,L_2211_Pangyo_C_F_C0453
594,L_2211_Suwon_B_F_C0450
595,L_2210_Suwon_A_N_C0329
596,L_2211_Pangyo_C_F_C0528
597,L_2210_Suwon_A_N_C0357
598,L_2210_Suwon_A_N_C0368
599,L_2211_Pangyo_C_F_C0540
600,L_2211_Suwon_A_A_C0338
601,L_2211_Suwon_B_F_C0945
602,L_2210_Suwon_A_F_C0129
603,L_2211_Suwon_A_A_C0157
604,L_2211_Pangyo_C_F_C0890
605,L_2211_Pangyo_C_F_C0483
606,L_2210_Suwon_A_F_C0003
607,L_2211_Suwon_B_F_C0195
608,L_2211_Suwon_B_F_C0166
609,L_2210_Suwon_B_F_C0141
610,L_2210_Suwon_A_N_C0208
611,L_2211_Pangyo_D_D_C0087
612,L_2211_Pangyo_D_D_C0010
613,L_2210_Suwon_A_F_C0074
614,L_2211_Pangyo_C_D_C0148
615,L_2210_Suwon_B_F_C0055
616,L_2211_Pangyo_C_F_C0550
617,L_2211_Pangyo_D_D_C0144
618,L_2211_Suwon_B_F_C0206
619,L_2211_Suwon_B_F_C0904
620,L_2211_Suwon_A_A_C0310
621,L_2211_Suwon_B_F_C0381
622,L_2210_Suwon_B_F_C0102
623,L_2211_Suwon_A_A_C0297
624,L_2211_Pangyo_C_D_C0130
625,L_2211_Suwon_B_F_C0203
626,L_2210_Suwon_A_F_C0139
627,L_2211_Pangyo_C_F_C0255
628,L_2210_Suwon_A_N_C0313
629,L_2210_Suwon_B_F_C0183
630,L_2211_Pangyo_D_D_C0091
631,L_2210_Suwon_A_F_C0060
632,L_2211_Suwon_A_A_C0156
633,L_2211_Suwon_B_F_C0468
634,L_2210_Suwon_A_N_C0212
635,L_2211_Pangyo_C_F_C0525
636,L_2210_Suwon_A_F_C0182
637,L_2211_Suwon_B_F_C0128
638,L_2211_Pangyo_C_F_C0250
639,L_2211_Pangyo_C_F_C0798
640,L_2210_Suwon_A_F_C0064
641,L_2211_Pangyo_C_F_C0469
642,L_2210_Suwon_A_N_C0351
643,L_2211_Pangyo_D_D_C0019
644,L_2210_Suwon_B_F_C0169
645,L_2211_Pangyo_C_D_C0131
646,L_2211_Pangyo_C_F_C0816
647,L_2210_Suwon_A_N_C0276
648,L_2211_Pangyo_C_F_C0363
649,L_2210_Suwon_B_F_C0151
650,L_2211_Suwon_A_A_C0309
651,L_2210_Suwon_A_N_C0338
652,L_2211_Suwon_B_F_C0509
653,L_2211_Suwon_B_F_C0980
654,L_2211_Pangyo_C_F_C0686
655,L_2210_Suwon_A_N_C0233
656,L_2211_Pangyo_C_F_C0767
657,L_2211_Suwon_B_F_C0903
658,L_2211_Suwon_A_A_C0384
659,L_2211_Suwon_B_F_C0349
660,L_2211_Suwon_A_A_C0265
661,L_2211_Suwon_B_F_C0305
662,L_2211_Suwon_A_A_C0343
663,L_2211_Pangyo_C_F_C0679
664,L_2210_Suwon_A_N_C0335
665,L_2211_Pangyo_D_D_C0084
666,L_2211_Pangyo_C_A_C0278
667,L_2211_Pangyo_C_F_C0424
668,L_2211_Pangyo_C_D_C0121
669,L_2210_Suwon_A_F_C0088
670,L_2210_Suwon_A_F_C0131
671,L_2211_Pangyo_C_D_C0142
672,L_2211_Pangyo_C_D_C0016
673,L_2211_Pangyo_C_F_C0850
674,L_2211_Pangyo_C_D_C0098
675,L_2210_Suwon_A_F_C0157
676,L_2211_Pangyo_C_F_C0695
677,L_2211_Suwon_A_A_C0300
678,L_2210_Suwon_B_F_C0044
679,L_2211_Suwon_B_F_C0465
680,L_2210_Suwon_B_F_C0025
681,L_2210_Suwon_A_N_C0309
682,L_2211_Pangyo_C_D_C0134
683,L_2211_Suwon_B_F_C0868
684,L_2211_Pangyo_D_D_C0015
685,L_2211_Suwon_B_F_C0023
686,L_2211_Pangyo_D_D_C0095
687,L_2211_Pangyo_C_F_C0763
688,L_2210_Suwon_A_F_C0140
689,L_2210_Suwon_A_N_C0221
690,L_2211_Suwon_B_F_C0212
691,L_2211_Pangyo_C_F_C0450
692,L_2211_Pangyo_C_D_C0020
693,L_2211_Pangyo_C_D_C0123
694,L_2211_Pangyo_C_F_C0609
695,L_2210_Suwon_A_N_C0296
696,L_2211_Pangyo_D_D_C0111
697,L_2210_Suwon_B_F_C0108
698,L_2211_Pangyo_C_F_C0474
699,L_2211_Pangyo_C_F_C0887
700,L_2210_Suwon_B_A_C0461
701,L_2211_Pangyo_C_F_C0607
702,L_2211_Suwon_B_F_C0748
703,L_2211_Suwon_A_A_C0262
704,L_2211_Pangyo_D_D_C0031
705,L_2211_Suwon_A_A_C0379
706,L_2211_Suwon_A_A_C0293
707,L_2210_Suwon_B_F_C0029
708,L_2211_Suwon_B_F_C0710
709,L_2211_Pangyo_C_F_C0452
710,L_2211_Pangyo_C_F_C0537
711,L_2211_Pangyo_C_F_C0725
712,L_2211_Suwon_A_A_C0390
713,L_2211_Pangyo_C_F_C0619
714,L_2211_Pangyo_C_D_C0122
715,L_2210_Suwon_A_F_C0188
716,L_2210_Suwon_A_N_C0216
717,L_2211_Pangyo_C_F_C0841
718,L_2211_Suwon_A_A_C0327
719,L_2211_Suwon_A_A_C0256
720,L_2211_Pangyo_D_D_C0092
721,L_2211_Suwon_B_F_C0205
722,L_2211_Suwon_A_A_C0386
723,L_2211_Pangyo_C_F_C0685
724,L_2211_Pangyo_C_F_C0874
725,L_2210_Suwon_A_N_C0269
726,L_2210_Suwon_B_F_C0040
727,L_2211_Pangyo_C_F_C0071
728,L_2210_Suwon_A_N_C0272
729,L_2210_Suwon_A_F_C0195
730,L_2211_Suwon_B_F_C0500
731,L_2210_Suwon_A_N_C0319
732,L_2210_Suwon_A_F_C0193
733,L_2211_Pangyo_C_F_C0443
734,L_2211_Pangyo_C_D_C0118
735,L_2211_Suwon_A_A_C0339
736,L_2211_Pangyo_C_F_C0426
737,L_2211_Suwon_B_F_C0477
738,L_2211_Suwon_A_A_C0388
739,L_2211_Suwon_B_F_C0295
740,L_2210_Suwon_A_N_C0320
741,L_2211_Pangyo_C_F_C0423
742,L_2211_Pangyo_D_D_C0065
743,L_2211_Pangyo_D_D_C0097
744,L_2211_Suwon_B_F_C0952
745,L_2210_Suwon_B_F_C0178
746,L_2210_Suwon_A_F_C0192
747,L_2211_Pangyo_C_A_C0249
748,L_2211_Pangyo_C_F_C0507
749,L_2210_Suwon_A_F_C0107
750,L_2211_Pangyo_C_D_C0111
751,L_2211_Pangyo_C_F_C0488
752,L_2211_Suwon_B_F_C0756
753,L_2211_Pangyo_C_F_C0538
754,L_2210_Suwon_A_F_C0118
755,L_2210_Suwon_B_F_C0118
756,L_2211_Pangyo_C_F_C0871
757,L_2211_Pangyo_C_F_C0389
758,L_2210_Suwon_A_F_C0079
759,L_2211_Suwon_A_A_C0345
760,L_2211_Suwon_A_A_C0252
761,L_2210_Suwon_B_F_C0121
762,L_2211_Suwon_A_A_C0255
763,L_2210_Suwon_B_F_C0054
764,L_2211_Suwon_B_F_C0752
765,L_2211_Pangyo_C_F_C0496
766,L_2211_Suwon_A_A_C0313
767,L_2211_Pangyo_C_F_C0449
768,L_2211_Pangyo_C_F_C0741
769,L_2211_Suwon_B_F_C0154
770,L_2211_Suwon_B_F_C0119
771,L_2211_Pangyo_C_F_C0490
772,L_2211_Suwon_B_F_C0071
773,L_2210_Suwon_A_N_C0311
774,L_2211_Suwon_B_F_C0983
775,L_2211_Suwon_B_F_C0292
776,L_2211_Pangyo_C_F_C0851
777,L_2210_Suwon_B_F_C0115
778,L_2210_Suwon_B_F_C0144
779,L_2211_Pangyo_C_F_C0881
780,L_2210_Suwon_A_F_C0035
781,L_2211_Pangyo_C_D_C0093
782,L_2211_Pangyo_C_D_C0086
783,L_2211_Pangyo_D_D_C0081
784,L_2211_Suwon_B_F_C0913
785,L_2211_Suwon_B_F_C0354
786,L_2211_Pangyo_C_F_C0825
787,L_2211_Suwon_B_F_C0944
788,L_2211_Pangyo_C_F_C0519
789,L_2211_Suwon_B_F_C0471
790,L_2211_Suwon_A_A_C0253
791,L_2210_Suwon_A_N_C0290
792,L_2210_Suwon_A_N_C0298
793,L_2211_Pangyo_C_F_C0498
794,L_2211_Suwon_A_A_C0187
795,L_2211_Pangyo_C_A_C0292
796,L_2210_Suwon_B_F_C0031
797,L_2211_Pangyo_C_D_C0010
798,L_2211_Pangyo_C_D_C0029
799,L_2211_Pangyo_C_F_C0154
800,L_2211_Suwon_B_F_C0069
801,L_2211_Suwon_B_F_C0905
802,L_2211_Pangyo_D_D_C0093
803,L_2210_Suwon_B_A_C0462
804,L_2211_Suwon_B_F_C0917
805,L_2211_Pangyo_C_F_C0844
806,L_2211_Pangyo_C_F_C0699
807,L_2211_Pangyo_C_F_C0051
808,L_2210_Suwon_B_F_C0158
809,L_2211_Suwon_B_F_C0153
810,L_2210_Suwon_A_N_C0232
811,L_2210_Suwon_B_F_C0173
812,L_2211_Pangyo_C_F_C0577
813,L_2210_Suwon_A_F_C0052
814,L_2211_Suwon_A_A_C0373
815,L_2211_Pangyo_C_A_C0202
816,L_2211_Pangyo_C_A_C0203
817,L_2211_Suwon_A_A_C0364
818,L_2211_Suwon_B_F_C0261
819,L_2211_Suwon_B_F_C0954
820,L_2211_Suwon_B_F_C0513
821,L_2211_Pangyo_C_F_C0413
822,L_2211_Pangyo_C_F_C0809
823,L_2211_Pangyo_C_F_C0735
824,L_2210_Suwon_B_F_C0093
825,L_2211_Suwon_B_F_C0350
826,L_2211_Pangyo_C_F_C0806
827,L_2210_Suwon_A_F_C0133
828,L_2210_Suwon_A_N_C0367
829,L_2211_Pangyo_C_F_C0447
830,L_2211_Suwon_B_F_C0684
831,L_2211_Pangyo_C_F_C0826
832,L_2211_Suwon_A_A_C0180
833,L_2211_Pangyo_C_F_C0412
834,L_2211_Pangyo_C_D_C0149
835,L_2211_Pangyo_C_F_C0817
836,L_2211_Pangyo_C_D_C0088
837,L_2211_Suwon_B_F_C0910
838,L_2211_Pangyo_D_D_C0024
839,L_2211_Pangyo_C_F_C0190
840,L_2211_Pangyo_C_F_C0508
841,L_2211_Pangyo_C_F_C0579
842,L_2211_Suwon_B_F_C0870
843,L_2211_Pangyo_C_F_C0365
844,L_2211_Suwon_B_F_C0088
845,L_2210_Suwon_A_F_C0175
846,L_2210_Suwon_A_N_C0304
847,L_2210_Suwon_B_F_C0019
848,L_2211_Pangyo_C_F_C0501
849,L_2210_Suwon_B_F_C0197
850,L_2211_Suwon_B_F_C0300
851,L_2211_Pangyo_D_D_C0051
852,L_2211_Pangyo_D_D_C0020
853,L_2211_Pangyo_C_F_C0842
854,L_2211_Pangyo_C_F_C0543
855,L_2211_Pangyo_C_F_C0628
856,L_2211_Suwon_B_F_C0448
857,L_2210_Suwon_A_F_C0169
858,L_2210_Suwon_B_F_C0161
859,L_2211_Suwon_B_F_C0025
860,L_2211_Suwon_A_A_C0249
861,L_2210_Suwon_A_F_C0179
862,L_2211_Pangyo_C_D_C0026
863,L_2210_Suwon_A_N_C0224
864,L_2211_Suwon_B_F_C0372
865,L_2211_Suwon_B_F_C0744
866,L_2211_Pangyo_D_D_C0068
867,L_2211_Suwon_B_F_C0084
868,L_2211_Pangyo_C_F_C0445
869,L_2211_Pangyo_C_F_C0444
870,L_2210_Suwon_B_F_C0039
871,L_2211_Suwon_B_F_C0912
872,L_2210_Suwon_A_F_C0072
873,L_2210_Suwon_A_N_C0260
874,L_2211_Pangyo_C_A_C0293
875,L_2210_Suwon_A_F_C0092
876,L_2211_Pangyo_D_D_C0053
877,L_2211_Pangyo_C_D_C0022
878,L_2210_Suwon_A_F_C0005
879,L_2211_Suwon_B_F_C0506
880,L_2211_Pangyo_C_A_C0282
881,L_2211_Pangyo_C_F_C0840
882,L_2211_Suwon_B_F_C0127
883,L_2211_Pangyo_C_F_C0481
884,L_2211_Pangyo_D_D_C0021
885,L_2210_Suwon_A_F_C0151
886,L_2211_Suwon_B_F_C0643
887,L_2211_Pangyo_D_D_C0142
888,L_2211_Pangyo_C_F_C0582
889,L_2210_Suwon_A_N_C0314
890,L_2211_Suwon_B_F_C0760
891,L_2211_Pangyo_C_F_C0484
892,L_2210_Suwon_A_F_C0106
893,L_2211_Suwon_B_F_C0136
894,L_2210_Suwon_A_N_C0294
895,L_2211_Suwon_B_F_C0737
896,L_2211_Suwon_B_F_C0985
897,L_2211_Suwon_B_F_C0237
898,L_2211_Pangyo_C_F_C0150
899,L_2210_Suwon_B_F_C0117
900,L_2210_Suwon_A_N_C0230
901,L_2211_Suwon_B_F_C0503
902,L_2211_Suwon_B_F_C0921
903,L_2210_Suwon_B_F_C0159
904,L_2210_Suwon_B_F_C0128
905,L_2210_Suwon_A_N_C0347
906,L_2211_Suwon_B_F_C0660
907,L_2211_Pangyo_D_D_C0085
908,L_2211_Pangyo_C_F_C0395
909,L_2211_Pangyo_C_F_C0762
910,L_2211_Pangyo_C_F_C0211
911,L_2211_Suwon_A_A_C0182
912,L_2210_Suwon_B_F_C0079
913,L_2210_Suwon_B_F_C0116
914,L_2210_Suwon_A_N_C0226
915,L_2210_Suwon_B_F_C0194
916,L_2211_Suwon_B_F_C0556
917,L_2210_Suwon_A_F_C0130
918,L_2210_Suwon_B_F_C0134
919,L_2211_Suwon_A_A_C0353
920,L_2210_Suwon_A_F_C0114
921,L_2211_Suwon_B_F_C0889
922,L_2211_Suwon_B_F_C0338
923,L_2211_Pangyo_C_A_C0248
924,L_2211_Pangyo_C_F_C0801
925,L_2210_Suwon_B_F_C0106
926,L_2211_Pangyo_C_F_C0590
927,L_2211_Pangyo_C_D_C0102
928,L_2211_Suwon_B_F_C0458
929,L_2211_Suwon_B_F_C0988
930,L_2210_Suwon_B_F_C0058
931,L_2210_Suwon_B_N_C0169
932,L_2211_Pangyo_C_F_C0511
933,L_2211_Suwon_B_F_C0155
934,L_2211_Suwon_B_F_C0293
935,L_2210_Suwon_A_N_C0235
936,L_2211_Pangyo_C_D_C0132
937,L_2211_Suwon_B_F_C0296
938,L_2211_Suwon_B_F_C0867
939,L_2210_Suwon_A_F_C0086
940,L_2211_Pangyo_C_F_C0891
941,L_2211_Suwon_A_A_C0195
942,L_2210_Suwon_A_F_C0031
943,L_2210_Suwon_B_F_C0095
944,L_2211_Suwon_B_F_C0072
945,L_2210_Suwon_A_N_C0256
946,L_2210_Suwon_A_N_C0220
947,L_2211_Pangyo_C_F_C0812
948,L_2211_Suwon_B_F_C0175
949,L_2210_Suwon_A_F_C0073
950,L_2210_Suwon_A_N_C0247
951,L_2211_Pangyo_C_F_C0713
952,L_2210_Suwon_A_N_C0328
953,L_2211_Suwon_B_F_C0118
954,L_2210_Suwon_A_F_C0134
955,L_2211_Suwon_A_A_C0192
956,L_2210_Suwon_B_F_C0192
957,L_2211_Pangyo_C_A_C0239
958,L_2210_Suwon_B_F_C0146
959,L_2211_Pangyo_C_F_C0196
960,L_2210_Suwon_A_F_C0111
961,L_2211_Pangyo_C_D_C0137
962,L_2211_Suwon_B_F_C0234
963,L_2211_Suwon_B_F_C0770
964,L_2210_Suwon_A_F_C0144
965,L_2211_Pangyo_C_D_C0080
966,L_2210_Suwon_A_F_C0186
967,L_2211_Suwon_B_F_C0218
968,L_2210_Suwon_A_N_C0207
969,L_2211_Suwon_B_F_C0953
970,L_2210_Suwon_A_N_C0261
971,L_2211_Pangyo_C_F_C0724
972,L_2211_Suwon_B_F_C0348
973,L_2211_Suwon_B_F_C0769
974,L_2211_Suwon_B_F_C0559
975,L_2211_Pangyo_C_F_C0429
976,L_2211_Suwon_B_F_C0182
977,L_2211_Pangyo_C_A_C0197
978,L_2211_Pangyo_C_F_C0454
979,L_2211_Pangyo_C_F_C0451
980,L_2210_Suwon_B_F_C0024
981,L_2211_Suwon_A_A_C0279
982,L_2210_Suwon_B_F_C0048
983,L_2211_Suwon_A_A_C0163
984,L_2210_Suwon_A_N_C0295
985,L_2211_Pangyo_C_F_C0589
986,L_2211_Suwon_B_F_C0938
987,L_2210_Suwon_A_N_C0315
988,L_2211_Pangyo_C_F_C0428
989,L_2211_Suwon_B_F_C0210
990,L_2211_Pangyo_C_F_C0818
991,L_2211_Pangyo_C_F_C0560
992,L_2210_Suwon_A_F_C0011
993,L_2211_Suwon_A_A_C0378
994,L_2211_Suwon_B_F_C0761
995,L_2211_Pangyo_C_D_C0079
996,L_2211_Suwon_B_F_C0872
997,L_2210_Suwon_B_F_C0073
998,L_2210_Suwon_A_F_C0181
999,L_2210_Suwon_B_F_C0091
1000,L_2211_Pangyo_C_F_C0721
1001,L_2210_Suwon_B_F_C0176
1002,L_2211_Pangyo_D_D_C0027
1003,L_2211_Pangyo_C_F_C0756
1004,L_2211_Pangyo_C_F_C0861
1005,L_2210_Suwon_A_F_C0034
1006,L_2210_Suwon_A_N_C0326
1007,L_2211_Suwon_B_F_C0434
1008,L_2211_Pangyo_C_F_C0586
1009,L_2210_Suwon_A_F_C0177
1010,L_2210_Suwon_A_F_C0102
1011,L_2210_Suwon_B_N_C0254
1012,L_2211_Suwon_A_A_C0376
1013,L_2211_Pangyo_C_F_C0863
1014,L_2211_Pangyo_C_F_C0517
1015,L_2210_Suwon_B_A_C0120
1016,L_2211_Suwon_B_F_C0168
1017,L_2211_Pangyo_C_D_C0014
1018,L_2211_Suwon_B_F_C0501
1019,L_2211_Suwon_B_F_C0083
1020,L_2211_Pangyo_C_D_C0075
1021,L_2211_Pangyo_C_F_C0714
1022,L_2211_Suwon_B_F_C0687
1023,L_2211_Suwon_B_F_C0420
1024,L_2210_Suwon_A_F_C0036
1025,L_2210_Suwon_A_F_C0067
1026,L_2210_Suwon_B_F_C0059
1027,L_2211_Suwon_B_F_C0219
1028,L_2211_Pangyo_C_F_C0432
1029,L_2211_Pangyo_C_A_C0281
1030,L_2211_Pangyo_D_D_C0135
1031,L_2211_Suwon_A_A_C0259
1032,L_2210_Suwon_A_N_C0268
1033,L_2210_Suwon_A_F_C0112
1034,L_2211_Pangyo_C_F_C0359
1035,L_2211_Pangyo_C_D_C0021
1036,L_2210_Suwon_A_N_C0209
1037,L_2211_Pangyo_C_F_C0581
1038,L_2210_Suwon_A_N_C0349
1039,L_2211_Pangyo_C_F_C0875
1040,L_2211_Suwon_A_A_C0176
1041,L_2210_Suwon_A_F_C0126
1042,L_2211_Suwon_A_A_C0334
1043,L_2211_Pangyo_C_F_C0091
1044,L_2210_Suwon_B_F_C0092
1045,L_2211_Suwon_B_F_C0898
1046,L_2211_Pangyo_C_D_C0034
1047,L_2210_Suwon_A_F_C0121
1048,L_2211_Pangyo_C_F_C0236
1049,L_2211_Suwon_B_F_C0678
1050,L_2211_Pangyo_C_F_C0195
1051,L_2211_Suwon_A_A_C0197
1052,L_2210_Suwon_A_F_C0158
1053,L_2211_Pangyo_C_D_C0017
1054,L_2211_Suwon_B_F_C0202
1055,L_2211_Suwon_B_F_C0754
1056,L_2211_Suwon_B_F_C0432
1057,L_2211_Pangyo_C_F_C0479
1058,L_2210_Suwon_A_F_C0037
1059,L_2211_Suwon_B_F_C0461
1060,L_2211_Pangyo_C_F_C0869
1061,L_2211_Suwon_A_A_C0174
1062,L_2211_Pangyo_C_F_C0870
1063,L_2211_Pangyo_C_F_C0742
1064,L_2211_Pangyo_C_F_C0753
1065,L_2211_Pangyo_D_D_C0137
1066,L_2210_Suwon_A_F_C0178
1067,L_2211_Suwon_B_F_C0712
1068,L_2210_Suwon_A_N_C0301
1069,L_2210_Suwon_B_F_C0181
1070,L_2211_Pangyo_C_F_C0630
1071,L_2211_Pangyo_C_F_C0717
1072,L_2211_Pangyo_C_F_C0442
1073,L_2210_Suwon_A_F_C0166
1074,L_2211_Pangyo_C_F_C0764
1075,L_2211_Pangyo_C_F_C0601
1076,L_2210_Suwon_A_N_C0218
1077,L_2211_Pangyo_C_D_C0013
1078,L_2211_Pangyo_C_D_C0005
1079,L_2210_Suwon_A_N_C0239
1080,L_2211_Pangyo_C_D_C0117
1081,L_2210_Suwon_A_N_C0265
1082,L_2211_Suwon_A_A_C0260
1083,L_2211_Suwon_A_A_C0188
1084,L_2210_Suwon_A_N_C0348
1085,L_2211_Suwon_A_A_C0324
1086,L_2211_Suwon_B_F_C0916
1087,L_2211_Pangyo_C_F_C0693
1088,L_2211_Pangyo_D_D_C0074
1089,L_2211_Pangyo_C_D_C0115
1090,L_2211_Suwon_B_F_C0640
1091,L_2211_Suwon_B_F_C0462
1092,L_2210_Suwon_A_N_C0369
1093,L_2211_Suwon_B_F_C0181
1094,L_2211_Pangyo_C_F_C0458
1095,L_2211_Suwon_B_F_C0909
1096,L_2211_Pangyo_C_F_C0358
1097,L_2210_Suwon_A_N_C0362
1098,L_2211_Pangyo_C_F_C0719
1099,L_2211_Pangyo_C_F_C0573
1100,L_2211_Pangyo_C_F_C0338
1101,L_2211_Pangyo_C_F_C0418
1102,L_2211_Pangyo_C_F_C0546
1103,L_2211_Pangyo_C_F_C0740
1104,L_2210_Suwon_A_N_C0340
1105,L_2210_Suwon_A_N_C0201
1106,L_2211_Pangyo_C_D_C0009
1107,L_2210_Suwon_A_F_C0015
1108,L_2210_Suwon_A_F_C0185
1109,L_2211_Suwon_B_F_C0134
1110,L_2210_Suwon_B_F_C0137
1111,L_2210_Suwon_A_N_C0211
1112,L_2211_Suwon_B_F_C0215
1113,L_2210_Suwon_B_A_C0139
1114,L_2211_Pangyo_C_D_C0076
1115,L_2211_Pangyo_C_A_C0074
1116,L_2211_Suwon_B_F_C0279
1117,L_2210_Suwon_B_F_C0198
1118,L_2211_Suwon_B_F_C0161
1119,L_2211_Pangyo_C_F_C0401
1120,L_2211_Pangyo_C_D_C0028
1121,L_2211_Pangyo_C_A_C0250
1122,L_2211_Pangyo_D_D_C0141
1123,L_2211_Pangyo_C_A_C0252
1124,L_2211_Suwon_B_F_C0664
1125,L_2211_Suwon_B_F_C0371
1126,L_2211_Pangyo_C_D_C0139
1127,L_2211_Pangyo_C_D_C0151
1128,L_2210_Suwon_B_A_C0245
1129,L_2211_Suwon_B_F_C0446
1130,L_2211_Suwon_B_F_C0425
1131,L_2210_Suwon_A_N_C0285
1132,L_2211_Suwon_B_F_C0453
1133,L_2211_Suwon_B_F_C0476
1134,L_2210_Suwon_B_F_C0172
1135,L_2210_Suwon_A_F_C0109
1136,L_2210_Suwon_A_F_C0128
1137,L_2211_Pangyo_C_D_C0103
1138,L_2211_Pangyo_C_F_C0692
1139,L_2211_Suwon_A_A_C0341
1140,L_2211_Suwon_B_F_C0639
1141,L_2211_Suwon_A_A_C0359
1142,L_2211_Pangyo_C_F_C0866
1143,L_2210_Suwon_A_N_C0297
1144,L_2211_Pangyo_C_F_C0705
1145,L_2211_Suwon_A_A_C0158
1146,L_2211_Suwon_B_F_C0735
1147,L_2211_Pangyo_C_F_C0681
1148,L_2211_Pangyo_C_F_C0859
1149,L_2211_Pangyo_D_D_C0090
1150,L_2210_Suwon_A_N_C0303
1151,L_2211_Suwon_B_F_C0947
1152,L_2211_Pangyo_C_F_C0709
1153,L_2211_Suwon_A_A_C0160
1154,L_2211_Pangyo_C_D_C0039
1155,L_2210_Suwon_B_F_C0067
1156,L_2211_Suwon_B_F_C0934
1157,L_2211_Suwon_B_F_C0001
1158,L_2211_Pangyo_C_F_C0506
1159,L_2211_Pangyo_D_D_C0048
1160,L_2211_Pangyo_C_A_C0201
1161,L_2211_Pangyo_C_F_C0684
1162,L_2211_Pangyo_D_D_C0062
1163,L_2210_Suwon_B_F_C0007
1164,L_2210_Suwon_B_F_C0056
1165,L_2211_Pangyo_C_F_C0804
1166,L_2211_Pangyo_C_D_C0094
1167,L_2211_Pangyo_C_D_C0033
1168,L_2211_Pangyo_C_F_C0737
1169,L_2210_Suwon_A_F_C0016
1170,L_2211_Pangyo_D_D_C0012
1171,L_2210_Suwon_A_N_C0321
1172,L_2210_Suwon_A_N_C0345
1173,L_2211_Suwon_A_A_C0358
1174,L_2211_Suwon_B_F_C0747
1175,L_2211_Pangyo_C_F_C0408
1176,L_2210_Suwon_B_F_C0046
1177,L_2211_Suwon_B_F_C0419
1178,L_2211_Pangyo_C_F_C0515
1179,L_2210_Suwon_A_F_C0068
1180,L_2210_Suwon_B_F_C0076
1181,L_2211_Pangyo_C_F_C0339
1182,L_2211_Suwon_B_F_C0427
1183,L_2211_Pangyo_C_D_C0138
1184,L_2210_Suwon_A_F_C0082
1185,L_2211_Pangyo_C_A_C0242
1186,L_2211_Suwon_A_A_C0199
1187,L_2211_Pangyo_C_F_C0503
1188,L_2211_Pangyo_C_F_C0733
1189,L_2211_Suwon_A_A_C0340
1190,L_2211_Suwon_B_F_C0451
1191,L_2210_Suwon_A_N_C0266
1192,L_2210_Suwon_A_F_C0058
1193,L_2211_Pangyo_C_F_C0559
1194,L_2211_Suwon_B_F_C0558
1195,L_2211_Suwon_A_A_C0251
1196,L_2211_Pangyo_C_F_C0873
1197,L_2211_Suwon_B_F_C0661
1198,L_2210_Suwon_B_F_C0162
1199,L_2211_Pangyo_C_D_C0125
1200,L_2211_Suwon_B_F_C0264
1201,L_2210_Suwon_A_N_C0200
1202,L_2210_Suwon_A_N_C0223
1203,L_2210_Suwon_A_F_C0041
1204,L_2210_Suwon_B_A_C0464
1205,L_2211_Pangyo_C_F_C0516
1206,L_2211_Pangyo_C_F_C0434
1207,L_2211_Pangyo_D_D_C0082
1208,L_2211_Suwon_A_A_C0155
1209,L_2211_Pangyo_C_D_C0124
1210,L_2210_Suwon_A_N_C0217
1211,L_2210_Suwon_A_F_C0008
1212,L_2211_Suwon_B_F_C0074
1213,L_2211_Pangyo_C_F_C0527
1214,L_2210_Suwon_B_F_C0075
1215,L_2210_Suwon_A_N_C0243
1216,L_2210_Suwon_B_A_C0469
1217,L_2211_Suwon_B_F_C0459
1218,L_2211_Suwon_A_A_C0330
1219,L_2211_Pangyo_C_D_C0052
1220,L_2211_Suwon_B_F_C0951
1221,L_2211_Pangyo_C_A_C0295
1222,L_2211_Suwon_B_F_C0915
1223,L_2211_Suwon_B_F_C0919
1224,L_2211_Pangyo_C_F_C0478
1225,L_2211_Suwon_B_F_C0112
1226,L_2211_Pangyo_C_F_C0710
1227,L_2211_Pangyo_C_F_C0504
1228,L_2211_Pangyo_C_F_C0414
1229,L_2211_Pangyo_C_D_C0031
1230,L_2211_Pangyo_C_F_C0521
1231,L_2211_Suwon_B_F_C0221
1232,L_2211_Suwon_B_F_C0301
1233,L_2211_Pangyo_C_F_C0482
1234,L_2211_Pangyo_C_D_C0108
1235,L_2211_Suwon_B_F_C0130
1236,L_2210_Suwon_A_N_C0358
1237,L_2211_Pangyo_C_D_C0092
1238,L_2210_Suwon_B_N_C0168
1239,L_2211_Pangyo_C_F_C0070
1240,L_2211_Pangyo_C_F_C0337
1241,L_2211_Suwon_B_F_C0505
1242,L_2211_Pangyo_C_D_C0106
1243,L_2211_Suwon_B_F_C0178
1244,L_2211_Suwon_B_F_C0555
1245,L_2211_Suwon_B_F_C0211
1246,L_2211_Pangyo_C_A_C0238
1247,L_2211_Suwon_B_F_C0341
1248,L_2211_Pangyo_C_D_C0145
1249,L_2210_Suwon_B_F_C0098
1250,L_2210_Suwon_B_F_C0070
1251,L_2210_Suwon_B_F_C0179
1252,L_2211_Pangyo_C_F_C0838
1253,L_2211_Suwon_B_F_C0236
1254,L_2211_Pangyo_C_F_C0691
1255,L_2211_Suwon_B_F_C0449
1256,L_2211_Pangyo_C_D_C0089
1257,L_2211_Suwon_B_F_C0265
1258,L_2211_Pangyo_D_D_C0013
1259,L_2211_Pangyo_C_D_C0143
1260,L_2211_Pangyo_C_F_C0510
1261,L_2210_Suwon_A_F_C0163
1262,L_2211_Suwon_B_F_C0426
1263,L_2211_Suwon_A_A_C0295
1264,L_2211_Pangyo_C_D_C0018
1265,L_2210_Suwon_A_F_C0122
1266,L_2211_Pangyo_C_F_C0633
1267,L_2211_Suwon_B_F_C0950
1268,L_2211_Pangyo_C_F_C0553
1269,L_2210_Suwon_B_F_C0020
1270,L_2211_Pangyo_C_F_C0361
1271,L_2210_Suwon_A_N_C0317
1272,L_2211_Suwon_B_F_C0208
1273,L_2210_Suwon_A_F_C0087
1274,L_2211_Suwon_B_F_C0131
1275,L_2210_Suwon_A_F_C0196
1276,L_2211_Suwon_A_A_C0382
1277,L_2211_Suwon_B_F_C0467
1278,L_2210_Suwon_B_F_C0193
1279,L_2210_Suwon_A_N_C0281
1280,L_2211_Pangyo_C_F_C0734
1281,L_2210_Suwon_A_F_C0023
1282,L_2211_Pangyo_C_F_C0398
1283,L_2210_Suwon_A_F_C0075
1284,L_2210_Suwon_B_F_C0049
1285,L_2211_Pangyo_C_F_C0846
1286,L_2210_Suwon_A_F_C0078
1287,L_2211_Suwon_B_F_C0978
1288,L_2211_Suwon_B_F_C0900
1289,L_2211_Suwon_A_A_C0186
1290,L_2211_Suwon_A_A_C0372
1291,L_2211_Pangyo_C_F_C0848
1292,L_2210_Suwon_A_F_C0153
1293,L_2211_Pangyo_C_F_C0273
1294,L_2210_Suwon_B_F_C0196
1295,L_2210_Suwon_A_F_C0059
1296,L_2211_Suwon_B_F_C0213
1297,L_2210_Suwon_B_F_C0109
1298,L_2211_Pangyo_C_F_C0468
1299,L_2211_Pangyo_C_D_C0035
1300,L_2211_Suwon_B_F_C0151
1301,L_2211_Suwon_B_F_C0973
1302,L_2211_Suwon_B_F_C0455
1303,L_2211_Suwon_B_F_C0703
1304,L_2211_Pangyo_C_A_C0253
1305,L_2211_Pangyo_C_F_C0427
1306,L_2211_Pangyo_C_D_C0051
1307,L_2211_Suwon_A_A_C0181
1308,L_2210_Suwon_B_A_C0470
1309,L_2211_Pangyo_D_D_C0140
1310,L_2211_Pangyo_C_F_C0720
1311,L_2211_Pangyo_C_F_C0688
1312,L_2211_Pangyo_C_D_C0083
1313,L_2211_Pangyo_C_F_C0394
1314,L_2211_Pangyo_C_D_C0087
1315,L_2211_Suwon_A_A_C0337
1316,L_2210_Suwon_A_N_C0363
1317,L_2210_Suwon_B_F_C0153
1318,L_2210_Suwon_A_F_C0081
1319,L_2211_Suwon_A_A_C0159
1320,L_2210_Suwon_A_F_C0057
1321,L_2211_Pangyo_C_F_C0704
1322,L_2210_Suwon_A_N_C0371
1323,L_2210_Suwon_A_N_C0236
1324,L_2211_Suwon_B_F_C0907
1325,L_2210_Suwon_A_N_C0293
1326,L_2210_Suwon_B_F_C0165
1327,L_2210_Suwon_A_N_C0302
1328,L_2211_Suwon_B_F_C0734
1329,L_2211_Pangyo_C_F_C0853
1330,L_2211_Suwon_A_A_C0371
1331,L_2210_Suwon_B_F_C0023
1332,L_2211_Suwon_B_F_C0713
1333,L_2210_Suwon_A_F_C0110
1334,L_2211_Pangyo_C_F_C0388
1335,L_2211_Pangyo_C_F_C0771
1336,L_2211_Pangyo_C_D_C0107
1337,L_2211_Pangyo_C_F_C0459
1338,L_2211_Suwon_B_F_C0479
1339,L_2210_Suwon_B_A_C0333
1340,L_2211_Suwon_A_A_C0368
1341,L_2211_Suwon_A_A_C0172
1342,L_2210_Suwon_A_N_C0350
1343,L_2211_Suwon_B_F_C0701
1344,L_2210_Suwon_B_F_C0038
1345,L_2211_Pangyo_C_F_C0417
1346,L_2211_Suwon_B_F_C0160
1347,L_2210_Suwon_A_F_C0061
1348,L_2210_Suwon_A_N_C0341
1349,L_2210_Suwon_A_N_C0228
1350,L_2211_Suwon_A_A_C0380
1351,L_2211_Suwon_A_A_C0365
1352,L_2211_Pangyo_C_F_C0327
1353,L_2210_Suwon_A_F_C0189
1354,L_2211_Pangyo_C_F_C0120
1355,L_2210_Suwon_A_F_C0168
1356,L_2211_Suwon_B_F_C0454
1357,L_2211_Pangyo_C_F_C0748
1358,L_2211_Suwon_B_F_C0238
1359,L_2211_Suwon_B_F_C0186
1360,L_2210_Suwon_B_F_C0015
1361,L_2211_Suwon_B_F_C0620
1362,L_2211_Pangyo_C_F_C0366
1363,L_2211_Pangyo_C_F_C0336
1364,L_2210_Suwon_A_F_C0097
1365,L_2211_Suwon_A_A_C0360
1366,L_2211_Pangyo_C_F_C0455
1367,L_2211_Pangyo_C_F_C0702
1368,L_2210_Suwon_B_F_C0016
1369,L_2210_Suwon_A_F_C0138
1370,L_2210_Suwon_A_F_C0053
1371,L_2210_Suwon_B_F_C0021
1372,L_2211_Pangyo_D_D_C0112
1373,L_2211_Pangyo_C_D_C0057
1374,L_2211_Suwon_B_F_C0474
1375,L_2210_Suwon_A_N_C0219
1376,L_2210_Suwon_B_F_C0028
1377,L_2211_Pangyo_C_F_C0602
1378,L_2210_Suwon_B_F_C0148
1379,L_2210_Suwon_A_F_C0156
1380,L_2210_Suwon_B_N_C0252
1381,L_2210_Suwon_B_A_C0239
1382,L_2211_Pangyo_C_F_C0820
1383,L_2211_Suwon_B_F_C0156
1384,L_2211_Pangyo_C_F_C0584
1385,L_2210_Suwon_B_F_C0147
1386,L_2210_Suwon_B_A_C0395
1387,L_2210_Suwon_B_F_C0006
1388,L_2211_Suwon_B_F_C0157
1389,L_2211_Suwon_B_F_C0987
1390,L_2211_Pangyo_C_D_C0015
1391,L_2210_Suwon_A_N_C0229
1392,L_2211_Pangyo_C_F_C0556
1393,L_2211_Pangyo_C_D_C0119
1394,L_2211_Pangyo_C_A_C0196
1395,L_2211_Pangyo_D_D_C0118
1396,L_2210_Suwon_A_F_C0070
1397,L_2210_Suwon_B_F_C0167
1398,L_2210_Suwon_B_F_C0168
1399,L_2211_Pangyo_C_F_C0678
1400,L_2211_Suwon_B_F_C0962
1401,L_2211_Pangyo_C_F_C0362
1402,L_2211_Pangyo_C_F_C0886
1403,L_2210_Suwon_B_F_C0072
1404,L_2210_Suwon_B_F_C0037
1405,L_2210_Suwon_A_F_C0127
1406,L_2210_Suwon_B_F_C0043
1407,L_2211_Suwon_A_A_C0331
1408,L_2210_Suwon_B_F_C0077
1409,L_2211_Suwon_B_F_C0619
1410,L_2211_Pangyo_C_F_C0883
1411,L_2211_Suwon_B_F_C0152
1412,L_2211_Pangyo_D_D_C0086
1413,L_2210_Suwon_B_F_C0094
1414,L_2210_Suwon_B_A_C0121
1415,L_2211_Suwon_A_A_C0278
1416,L_2211_Suwon_B_F_C0158
1417,L_2211_Pangyo_C_D_C0008
1418,L_2211_Pangyo_C_F_C0215
1419,L_2211_Pangyo_C_D_C0030
1420,L_2211_Suwon_B_F_C0291
1421,L_2210_Suwon_A_N_C0344
1422,L_2210_Suwon_B_A_C0468
1423,L_2211_Pangyo_C_D_C0023
1424,L_2211_Suwon_B_F_C0641
1425,L_2210_Suwon_B_F_C0133
1426,L_2211_Pangyo_C_F_C0847
1427,L_2211_Pangyo_C_F_C0758
1428,L_2211_Suwon_B_F_C0086
1429,L_2211_Pangyo_C_F_C0500
1430,L_2210_Suwon_B_F_C0111
1431,L_2210_Suwon_A_N_C0372
1432,L_2210_Suwon_A_N_C0286
1433,L_2211_Suwon_A_A_C0245
1434,L_2210_Suwon_A_F_C0017
1435,L_2211_Suwon_B_F_C0214
1436,L_2211_Suwon_B_F_C0165
1437,L_2211_Suwon_A_A_C0320
1438,L_2211_Suwon_A_A_C0162
1439,L_2211_Pangyo_D_D_C0083
1440,L_2211_Pangyo_C_D_C0146
1441,L_2211_Pangyo_C_F_C0680
1442,L_2211_Suwon_A_A_C0328
1443,L_2211_Pangyo_D_D_C0067
1444,L_2211_Pangyo_D_D_C0066
1445,L_2211_Suwon_A_A_C0332
1446,L_2210_Suwon_A_N_C0299
1447,L_2211_Pangyo_C_F_C0583
1448,L_2211_Suwon_B_F_C0902
1449,L_2210_Suwon_B_F_C0104
1450,L_2211_Pangyo_C_F_C0237
1451,L_2210_Suwon_A_F_C0099
1452,L_2211_Pangyo_C_F_C0856
1453,L_2211_Suwon_B_F_C0464
1454,L_2211_Pangyo_C_F_C0807
1455,L_2211_Suwon_B_F_C0933
1456,L_2210_Suwon_A_N_C0222
1457,L_2211_Suwon_B_F_C0302
1458,L_2210_Suwon_B_F_C0033
1459,L_2210_Suwon_A_N_C0262
1460,L_2210_Suwon_B_F_C0123
1461,L_2210_Suwon_A_N_C0270
1462,L_2211_Suwon_B_F_C0969
1463,L_2211_Suwon_B_F_C0865
1464,L_2211_Suwon_B_F_C0267
1465,L_2211_Pangyo_C_F_C0621
1466,L_2211_Pangyo_C_D_C0099
1467,L_2211_Pangyo_C_F_C0738
1468,L_2211_Pangyo_C_F_C0731
1469,L_2210_Suwon_A_N_C0375
1470,L_2210_Suwon_A_F_C0076
1471,L_2211_Pangyo_D_D_C0050
1472,L_2211_Pangyo_D_D_C0018
1473,L_2211_Suwon_B_F_C0184
1474,L_2211_Pangyo_C_F_C0761
1475,L_2210_Suwon_B_A_C0467
1476,L_2210_Suwon_A_N_C0280
1477,L_2211_Pangyo_C_D_C0041
1478,L_2210_Suwon_A_N_C0284
1479,L_2211_Pangyo_C_F_C0419
1480,L_2210_Suwon_A_N_C0355
1481,L_2210_Suwon_B_F_C0082
1482,L_2211_Suwon_B_F_C0373
1483,L_2211_Pangyo_D_D_C0047
1484,L_2211_Pangyo_C_F_C0487
1485,L_2211_Suwon_A_A_C0344
1486,L_2211_Pangyo_D_D_C0075
1487,L_2211_Suwon_A_A_C0170
1488,L_2210_Suwon_B_A_C0334
1489,L_2211_Pangyo_C_D_C0081
1490,L_2210_Suwon_B_A_C0337
1491,L_2211_Suwon_B_F_C0033
1492,L_2211_Suwon_B_F_C0906
1493,L_2211_Pangyo_C_D_C0040
1494,L_2211_Pangyo_C_F_C0384
1495,L_2211_Suwon_A_A_C0298
1496,L_2211_Pangyo_D_D_C0071
1497,L_2211_Pangyo_C_F_C0715
1498,L_2210_Suwon_A_N_C0282
1499,L_2211_Pangyo_C_F_C0819
1500,L_2211_Suwon_A_A_C0292
1501,L_2210_Suwon_A_N_C0360
1502,L_2211_Suwon_B_F_C0901
1503,L_2211_Suwon_B_F_C0932
1504,L_2211_Suwon_A_A_C0367
1505,L_2211_Pangyo_D_D_C0070
1506,L_2211_Suwon_B_F_C0472
1507,L_2211_Suwon_A_A_C0363
1508,L_2210_Suwon_A_F_C0007
1509,L_2211_Suwon_A_A_C0280
1510,L_2211_Suwon_B_F_C0185
1511,L_2210_Suwon_A_F_C0143
1512,L_2211_Pangyo_C_F_C0743
1513,L_2211_Suwon_B_F_C0162
1514,L_2210_Suwon_A_N_C0238
1515,L_2211_Pangyo_D_D_C0055
1516,L_2211_Pangyo_D_D_C0030
1517,L_2211_Pangyo_C_F_C0617
1518,L_2211_Pangyo_C_D_C0100
1519,L_2211_Suwon_B_F_C0863
1520,L_2211_Pangyo_C_F_C0813
1521,L_2211_Pangyo_C_F_C0696
1522,L_2211_Pangyo_C_F_C0700
1523,L_2210_Suwon_A_F_C0183
1524,L_2211_Pangyo_C_F_C0493
1525,L_2210_Suwon_B_A_C0465
1526,L_2210_Suwon_A_N_C0333
1527,L_2211_Suwon_B_F_C0126
1528,L_2211_Suwon_B_F_C0217
1529,L_2211_Pangyo_C_F_C0460
1530,L_2211_Suwon_A_A_C0190
1531,L_2211_Suwon_B_F_C0874
1532,L_2210_Suwon_A_N_C0327
1533,L_2211_Suwon_B_F_C0899
1534,L_2211_Pangyo_C_F_C0420
1535,L_2211_Pangyo_C_A_C0237
1536,L_2210_Suwon_A_F_C0155
1537,L_2210_Suwon_A_F_C0001
1538,L_2211_Pangyo_C_D_C0136
1539,L_2211_Suwon_B_F_C0935
1540,L_2210_Suwon_B_F_C0002
1541,L_2210_Suwon_A_N_C0277
1542,L_2211_Pangyo_C_F_C0797
1543,L_2210_Suwon_A_F_C0026
1544,L_2211_Pangyo_C_F_C0598
1545,L_2211_Suwon_B_F_C0347
1546,L_2211_Pangyo_C_F_C0716
1547,L_2211_Pangyo_C_F_C0390
1548,L_2211_Pangyo_D_D_C0113
1549,L_2211_Pangyo_C_F_C0867
1550,L_2210_Suwon_A_N_C0283
1551,L_2210_Suwon_B_F_C0103
1552,L_2211_Suwon_A_A_C0178
1553,L_2210_Suwon_B_A_C0240
1554,L_2211_Pangyo_C_F_C0464
1555,L_2211_Pangyo_C_D_C0007
1556,L_2211_Suwon_B_F_C0382
1557,L_2211_Pangyo_C_F_C0465
1558,L_2211_Suwon_B_F_C0164
1559,L_2211_Pangyo_C_F_C0405
1560,L_2211_Suwon_B_F_C0977
1561,L_2210_Suwon_B_F_C0080
1562,L_2211_Pangyo_C_F_C0752
1563,L_2211_Pangyo_C_F_C0854
1564,L_2211_Suwon_A_A_C0173
1565,L_2211_Pangyo_C_D_C0144
1566,L_2211_Pangyo_C_F_C0683
1567,L_2211_Suwon_B_F_C0675
1568,L_2211_Suwon_A_A_C0161
1569,L_2211_Pangyo_D_D_C0016
1570,L_2211_Pangyo_C_A_C0236
1571,L_2211_Pangyo_C_F_C0769
1572,L_2210_Suwon_B_F_C0018
1573,L_2210_Suwon_B_A_C0244
1574,L_2211_Pangyo_C_D_C0011
1575,L_2211_Pangyo_C_F_C0824
1576,L_2211_Suwon_B_F_C0002
1577,L_2211_Suwon_B_F_C0307
1578,L_2211_Pangyo_D_D_C0136
1579,L_2211_Suwon_B_F_C0111
1580,L_2211_Suwon_B_F_C0073
1581,L_2211_Suwon_A_A_C0127
1582,L_2211_Suwon_A_A_C0329
1583,L_2211_Suwon_B_F_C0765
1584,L_2211_Suwon_A_A_C0335
1585,L_2211_Suwon_B_F_C0124
1586,L_2210_Suwon_A_F_C0024
1587,L_2211_Suwon_B_F_C0666
1588,L_2211_Pangyo_C_D_C0044
1589,L_2210_Suwon_B_F_C0064
1590,L_2210_Suwon_B_F_C0101
1591,L_2211_Pangyo_C_F_C0497
1592,L_2211_Pangyo_C_F_C0610
1593,L_2211_Pangyo_C_F_C0585
1594,L_2210_Suwon_A_N_C0353
1595,L_2211_Suwon_B_F_C0923
1596,L_2211_Pangyo_D_D_C0117
1597,L_2211_Suwon_B_F_C0911
1598,L_2211_Pangyo_C_F_C0116
1599,L_2211_Pangyo_C_F_C0326
1600,L_2211_Pangyo_C_F_C0698
1601,L_2210_Suwon_A_N_C0202
1602,L_2210_Suwon_A_F_C0025
1603,L_2210_Suwon_A_N_C0203
1604,L_2211_Suwon_B_F_C0269
1605,L_2210_Suwon_A_N_C0316
1606,L_2211_Pangyo_C_F_C0612
1607,L_2211_Suwon_A_A_C0248
1608,L_2211_Suwon_A_A_C0241
1609,L_2211_Pangyo_C_D_C0104
1610,L_2211_Suwon_A_A_C0167
1611,L_2211_Suwon_B_F_C0344
1612,L_2211_Pangyo_D_D_C0080
1613,L_2211_Suwon_B_F_C0621
1614,L_2211_Pangyo_C_F_C0472
1615,L_2211_Pangyo_C_F_C0406
1616,L_2210_Suwon_A_N_C0318
1617,L_2210_Suwon_A_N_C0287
1618,L_2211_Suwon_B_F_C0125
1619,L_2210_Suwon_B_F_C0005
1620,L_2210_Suwon_B_F_C0013
1621,L_2211_Suwon_A_A_C0263
1622,L_2210_Suwon_A_F_C0039
1623,L_2211_Pangyo_C_F_C0889
1624,L_2210_Suwon_B_F_C0081
1625,L_2211_Pangyo_C_F_C0860
1626,L_2211_Pangyo_C_F_C0852
1627,L_2211_Pangyo_C_F_C0425
1628,L_2210_Suwon_A_F_C0085
1629,L_2210_Suwon_A_F_C0062
1630,L_2211_Suwon_B_F_C0873
1631,L_2211_Pangyo_C_F_C0090
1632,L_2211_Suwon_A_A_C0198
1633,L_2210_Suwon_B_F_C0096
1634,L_2211_Suwon_A_A_C0355
1635,L_2210_Suwon_A_F_C0165
1636,L_2211_Pangyo_C_F_C0535
1637,L_2211_Pangyo_C_F_C0410
1638,L_2211_Pangyo_C_F_C0364
1639,L_2211_Pangyo_C_F_C0526
1640,L_2211_Pangyo_C_D_C0043
1641,L_2211_Pangyo_C_F_C0750
1642,L_2211_Suwon_B_F_C0022
1643,L_2211_Pangyo_C_D_C0120
1644,L_2211_Pangyo_C_F_C0739
1645,L_2211_Pangyo_C_F_C0323
1646,L_2210_Suwon_A_F_C0161
1647,L_2211_Pangyo_C_F_C0400
1648,L_2211_Suwon_B_F_C0384
1649,L_2210_Suwon_B_A_C0138
1650,L_2211_Pangyo_C_F_C0436
1651,L_2211_Pangyo_C_F_C0711
1652,L_2210_Suwon_A_N_C0354
1653,L_2210_Suwon_A_N_C0241
1654,L_2211_Pangyo_C_F_C0548
1655,L_2211_Pangyo_C_D_C0056
1656,L_2211_Pangyo_D_D_C0064
1657,L_2211_Suwon_B_F_C0188
1658,L_2211_Pangyo_C_F_C0768
1659,L_2211_Pangyo_C_D_C0082
1660,L_2211_Pangyo_C_F_C0466
1661,L_2211_Suwon_A_A_C0381
1662,L_2211_Suwon_A_A_C0387
1663,L_2210_Suwon_B_F_C0163
1664,L_2211_Suwon_B_F_C0869
1665,L_2211_Suwon_B_F_C0085
1666,L_2211_Pangyo_C_F_C0597
1667,L_2210_Suwon_B_F_C0152
1668,L_2211_Suwon_B_F_C0460
1669,L_2211_Suwon_B_F_C0262
1670,L_2210_Suwon_A_F_C0154
1671,L_2210_Suwon_B_A_C0414
1672,L_2211_Pangyo_D_D_C0061
1673,L_2211_Suwon_B_F_C0755
1674,L_2210_Suwon_A_N_C0245
1675,L_2211_Pangyo_C_F_C0757
1676,L_2211_Pangyo_D_D_C0143
1677,L_2211_Suwon_B_F_C0772
1678,L_2211_Pangyo_C_D_C0114
1679,L_2210_Suwon_A_F_C0100
1680,L_2210_Suwon_B_N_C0255
1681,L_2211_Suwon_A_A_C0316
1682,L_2210_Suwon_A_N_C0323
1683,L_2210_Suwon_B_F_C0084
1684,L_2211_Pangyo_C_F_C0502
1685,L_2210_Suwon_A_F_C0054
1686,L_2211_Suwon_B_F_C0200
1687,L_2210_Suwon_B_F_C0069
1688,L_2211_Pangyo_C_F_C0529
1689,L_2211_Pangyo_C_F_C0251
1690,L_2211_Suwon_B_F_C0897
1691,L_2211_Suwon_B_F_C0866
1692,L_2211_Pangyo_C_F_C0629
1693,L_2211_Pangyo_C_F_C0829
1694,L_2211_Pangyo_D_D_C0011
1695,L_2210_Suwon_A_F_C0167
1696,L_2211_Suwon_B_F_C0345
1697,L_2210_Suwon_A_F_C0091
1698,L_2211_Pangyo_D_D_C0078
1699,L_2211_Suwon_B_F_C0862
1700,L_2210_Suwon_B_F_C0125
1701,L_2210_Suwon_B_F_C0086
1702,L_2211_Pangyo_C_F_C0281
1703,L_2210_Suwon_A_F_C0132
1704,L_2211_Suwon_B_F_C0615
1705,L_2211_Pangyo_C_A_C0280
1706,L_2211_Suwon_B_F_C0271
1707,L_2210_Suwon_A_N_C0322
1708,L_2211_Suwon_B_F_C0388
1709,L_2210_Suwon_A_F_C0115
1710,L_2211_Pangyo_C_F_C0823
1711,L_2211_Suwon_B_F_C0259
1712,L_2211_Suwon_A_A_C0247
1713,L_2211_Suwon_B_F_C0263
1714,L_2211_Pangyo_C_F_C0815
1715,L_2211_Suwon_B_F_C0423
1716,L_2211_Suwon_A_A_C0179
1717,L_2211_Pangyo_C_D_C0042
1718,L_2210_Suwon_A_N_C0254
1719,L_2210_Suwon_A_N_C0359
1720,L_2211_Suwon_B_F_C0288
1721,L_2210_Suwon_A_F_C0184
1722,L_2211_Pangyo_C_F_C0551
1723,L_2211_Suwon_B_F_C0864
1724,L_2210_Suwon_A_N_C0273
1725,L_2211_Pangyo_C_F_C0399
1726,L_2211_Pangyo_C_F_C0703
1727,L_2211_Pangyo_C_F_C0833
1728,L_2211_Pangyo_C_F_C0421
1729,L_2211_Pangyo_C_F_C0746
1730,L_2211_Pangyo_C_D_C0024
1731,L_2210_Suwon_A_F_C0030
1732,L_2211_Suwon_B_F_C0290
1733,L_2210_Suwon_B_F_C0052
1734,L_2211_Pangyo_C_F_C0456
1735,L_2210_Suwon_B_F_C0004
1736,L_2210_Suwon_B_F_C0088
1737,L_2210_Suwon_A_F_C0119
1738,L_2211_Pangyo_C_F_C0615
1739,L_2210_Suwon_A_F_C0084
1740,L_2211_Pangyo_C_F_C0155
1741,L_2210_Suwon_B_F_C0129
1742,L_2211_Suwon_B_F_C0199
1743,L_2210_Suwon_A_N_C0365
1744,L_2211_Pangyo_C_F_C0055
1745,L_2210_Suwon_A_N_C0337
1746,L_2210_Suwon_A_N_C0300
1747,L_2210_Suwon_B_F_C0107
1748,L_2210_Suwon_B_A_C0335
1749,L_2211_Pangyo_C_F_C0431
1750,L_2211_Suwon_B_F_C0937
1751,L_2211_Suwon_B_F_C0123
1752,L_2211_Suwon_B_F_C0019
1753,L_2211_Pangyo_C_F_C0751
1754,L_2211_Suwon_B_F_C0504
1755,L_2211_Pangyo_C_F_C0697
1756,L_2210_Suwon_A_F_C0013
1757,L_2211_Pangyo_C_F_C0531
1758,L_2211_Suwon_B_F_C0268
1759,L_2211_Pangyo_C_F_C0441
1760,L_2211_Pangyo_C_D_C0091
1761,L_2211_Suwon_B_F_C0198
1762,L_2211_Pangyo_C_F_C0115
1763,L_2211_Suwon_B_F_C0970
1764,L_2210_Suwon_A_N_C0250
1765,L_2211_Pangyo_C_F_C0404
1766,L_2211_Pangyo_C_F_C0623
1767,L_2211_Suwon_B_F_C0507
1768,L_2211_Pangyo_D_D_C0058
1769,L_2211_Pangyo_C_F_C0578
1770,L_2211_Pangyo_D_D_C0077
1771,L_2211_Pangyo_C_F_C0499
1772,L_2211_Pangyo_C_D_C0105
1773,L_2211_Suwon_A_A_C0184
1774,L_2211_Pangyo_C_D_C0078
1775,L_2210_Suwon_A_F_C0172
1776,L_2211_Pangyo_C_D_C0109
1777,L_2210_Suwon_B_A_C0396
1778,L_2210_Suwon_B_F_C0138
1779,L_2211_Pangyo_C_F_C0530
1780,L_2211_Pangyo_C_A_C0073
1781,L_2210_Suwon_B_F_C0099
1782,L_2210_Suwon_A_N_C0234
1783,L_2211_Pangyo_C_F_C0386
1784,L_2211_Suwon_B_F_C0087
1785,L_2211_Suwon_A_A_C0250
1786,L_2211_Suwon_A_A_C0374
1787,L_2211_Suwon_B_F_C0753
1788,L_2211_Suwon_B_F_C0622
1789,L_2211_Pangyo_C_F_C0486
1790,L_2211_Pangyo_C_F_C0837
1791,L_2211_Suwon_B_F_C0377
1792,L_2210_Suwon_B_F_C0061
1793,L_2211_Suwon_A_A_C0369
1794,L_2211_Suwon_A_A_C0189
1795,L_2211_Suwon_B_F_C0089
1796,L_2211_Pangyo_D_D_C0072
1797,L_2211_Suwon_A_A_C0325
1798,L_2211_Pangyo_D_D_C0146
1799,L_2211_Pangyo_C_F_C0730
1800,L_2211_Pangyo_C_F_C0457
1801,L_2211_Suwon_B_F_C0163
1802,L_2211_Pangyo_C_F_C0430
1803,L_2211_Pangyo_C_F_C0325
1804,L_2211_Suwon_A_A_C0191
1805,L_2210_Suwon_A_N_C0306
1806,L_2211_Suwon_A_A_C0375
1807,L_2211_Suwon_B_F_C0340
1808,L_2210_Suwon_A_F_C0094
1809,L_2211_Pangyo_C_F_C0682
1810,L_2210_Suwon_B_F_C0177
1811,L_2211_Suwon_B_F_C0982
1812,L_2211_Suwon_B_F_C0233
1813,L_2211_Pangyo_C_D_C0096
1814,L_2211_Suwon_B_F_C0463
1815,L_2210_Suwon_A_N_C0361
1816,L_2210_Suwon_A_N_C0116
1817,L_2211_Suwon_B_F_C0749
1818,L_2211_Pangyo_C_F_C0461
1819,L_2211_Suwon_B_F_C0936
1820,L_2210_Suwon_A_F_C0098
1821,L_2211_Pangyo_C_F_C0747
1822,L_2211_Pangyo_C_F_C0627
1823,L_2211_Pangyo_C_F_C0279
1824,L_2211_Pangyo_C_F_C0727
1825,L_2210_Suwon_A_F_C0009
1826,L_2211_Suwon_B_F_C0389
1827,L_2211_Pangyo_D_D_C0098
1828,L_2211_Suwon_A_A_C0333
1829,L_2210_Suwon_B_F_C0097
1830,L_2210_Suwon_B_F_C0041
1831,L_2211_Suwon_B_F_C0773
1832,L_2211_Pangyo_C_F_C0532
1833,L_2210_Suwon_B_F_C0170
1834,L_2210_Suwon_B_F_C0065
1835,L_2211_Pangyo_C_F_C0884
1836,L_2211_Suwon_B_F_C0196
1837,L_2211_Pangyo_D_D_C0114
1838,L_2210_Suwon_A_F_C0101
1839,L_2211_Suwon_B_F_C0757
1840,L_2211_Suwon_A_A_C0318
1841,L_2211_Suwon_A_A_C0169
1842,L_2211_Pangyo_C_F_C0707
1843,L_2210_Suwon_B_F_C0160
1844,L_2211_Pangyo_C_F_C0843
1845,L_2211_Suwon_B_F_C0183
1846,L_2210_Suwon_B_F_C0122
1847,L_2210_Suwon_B_F_C0143
1848,L_2211_Pangyo_C_F_C0176
1849,L_2211_Pangyo_C_F_C0732
1850,L_2211_Suwon_B_F_C0378
1851,L_2210_Suwon_A_F_C0020
1852,L_2210_Suwon_B_F_C0089
1853,L_2210_Suwon_A_N_C0252
1854,L_2211_Pangyo_C_F_C0558
1855,L_2211_Suwon_A_A_C0301
1856,L_2211_Suwon_B_F_C0976
1857,L_2211_Pangyo_C_F_C0010
1858,L_2211_Pangyo_C_F_C0839
1859,L_2210_Suwon_A_F_C0149
1860,L_2211_Pangyo_C_F_C0827
1861,L_2210_Suwon_B_F_C0130
1862,L_2211_Pangyo_D_D_C0076
1863,L_2210_Suwon_A_F_C0065
1864,L_2211_Suwon_A_A_C0312
1865,L_2211_Suwon_B_F_C0949
1866,L_2210_Suwon_A_F_C0083
1867,L_2211_Pangyo_C_F_C0536
1868,L_2211_Pangyo_C_F_C0542
1869,L_2211_Pangyo_C_D_C0004
1870,L_2211_Pangyo_C_F_C0274
1871,L_2210_Suwon_A_N_C0237
1872,L_2211_Pangyo_D_D_C0025
1873,L_2211_Pangyo_C_F_C0802
1874,L_2211_Suwon_B_F_C0239
1875,L_2211_Suwon_A_A_C0171
1876,L_2211_Suwon_B_F_C0431
1877,L_2211_Pangyo_C_F_C0690
1878,L_2210_Suwon_A_F_C0200
1879,L_2210_Suwon_B_F_C0188
1880,L_2211_Suwon_A_A_C0314
1881,L_2210_Suwon_B_A_C0241
1882,L_2210_Suwon_A_F_C0014
1883,L_2211_Suwon_B_F_C0356
1884,L_2210_Suwon_B_F_C0132
1885,L_2211_Suwon_B_F_C0358
1886,L_2211_Pangyo_C_F_C0549
1887,L_2210_Suwon_A_N_C0271
1888,L_2210_Suwon_A_N_C0305
1889,L_2210_Suwon_A_N_C0331
1890,L_2211_Suwon_B_F_C0167
1891,L_2211_Suwon_B_F_C0204
1892,L_2211_Pangyo_C_F_C0360
1893,L_2211_Suwon_B_F_C0751
1894,L_2211_Pangyo_C_F_C0608
1895,L_2211_Suwon_B_F_C0972
1896,L_2211_Pangyo_C_F_C0744
1897,L_2211_Suwon_B_F_C0120
1898,L_2211_Pangyo_C_D_C0050
1899,L_2210_Suwon_B_F_C0090
1900,L_2210_Suwon_A_F_C0096
1901,L_2210_Suwon_A_F_C0173
1902,L_2211_Pangyo_C_A_C0200
1903,L_2210_Suwon_A_F_C0033
1904,L_2210_Suwon_A_F_C0018
1905,L_2210_Suwon_A_N_C0336
1906,L_2211_Pangyo_C_A_C0241
1907,L_2210_Suwon_A_N_C0330
1908,L_2211_Suwon_B_F_C0121
1909,L_2211_Suwon_B_F_C0352
1910,L_2210_Suwon_A_N_C0279
1911,L_2211_Pangyo_C_F_C0480
1912,L_2211_Suwon_B_F_C0387
1913,L_2210_Suwon_A_N_C0242
1914,L_2210_Suwon_B_F_C0145
1915,L_2211_Suwon_B_F_C0235
1916,L_2211_Suwon_B_F_C0422
1917,L_2210_Suwon_A_F_C0006
1918,L_2210_Suwon_A_N_C0339
1919,L_2211_Pangyo_C_F_C0433
1920,L_2211_Suwon_B_F_C0299
1921,L_2211_Suwon_B_F_C0133
1922,L_2210_Suwon_B_A_C0460
1923,L_2211_Suwon_B_F_C0369
1924,L_2211_Suwon_A_A_C0257
1925,L_2211_Suwon_B_F_C0207
1926,L_2211_Suwon_A_A_C0311
1927,L_2211_Pangyo_C_D_C0090
1928,L_2210_Suwon_A_F_C0021
1929,L_2210_Suwon_A_F_C0180
1930,L_2211_Pangyo_D_D_C0028
1931,L_2211_Pangyo_C_F_C0439
1932,L_2211_Suwon_B_F_C0618
1933,L_2211_Pangyo_C_F_C0523
1934,L_2211_Pangyo_C_D_C0135
1935,L_2211_Pangyo_C_F_C0175
1936,L_2211_Suwon_A_A_C0385
1937,L_2211_Pangyo_C_F_C0554
1938,L_2211_Suwon_B_F_C0766
1939,L_2211_Suwon_B_F_C0971
1940,L_2211_Pangyo_C_F_C0611
1941,L_2211_Suwon_B_F_C0771
1942,L_2211_Pangyo_C_F_C0882
1943,L_2211_Pangyo_C_F_C0726
1944,L_2211_Pangyo_C_A_C0199
1945,L_2211_Suwon_B_F_C0466
1946,L_2211_Suwon_B_F_C0759
1947,L_2210_Suwon_B_N_C0253
